{
  "version": "2020.2",
  "applications": [],
  "platforms": [
    {
      "name": "ppu_wrapper"
    }
  ],
  "systems": [
    {
      "name": "pain_system",
      "platform": "C:/test/ppu_wrapper/export/ppu_wrapper/ppu_wrapper.xpfm",
      "sysConfig": "ppu_wrapper",
      "buildConfig": "Debug",
      "applications": [
        {
          "name": "pain",
          "platform": "C:/test/ppu_wrapper/export/ppu_wrapper/ppu_wrapper.xpfm",
          "platformPath": "C:\\test\\ppu_wrapper\\export\\ppu_wrapper",
          "sysConfig": "ppu_wrapper",
          "domain": "standalone_ps7_cortexa9_0",
          "system": "pain_system"
        }
      ],
      "platformPath": "C:\\test\\ppu_wrapper\\export\\ppu_wrapper"
    }
  ],
  "others": []
}