<?xml version="1.0" encoding="UTF-8" standalone="no" ?>
<!-- Contains IP configurations for Block/Connection Automation flows -->
<!-- Each <ip_preset> contains a list of ways the IPs can be connected to an <interface> -->
<!-- Each <ip> contains an IP that can be connected to the <interface> via the specified ip_interface -->
<!-- Each <user_parameters> list contains required parameter values for the specified connection -->
<ip_presets schema="1.0">
	<ip_preset preset_proc_name="zynq_ultra_ps_e_preset">
		<ip vendor="xilinx.com" library="ip" name="zynq_ultra_ps_e" version="*">
			<user_parameters>
				<user_parameter name="CONFIG.PSU__PRESET_APPLIED" value="1"/>
				<user_parameter name="CONFIG.PSU_BANK_0_IO_STANDARD" value="LVCMOS33"/>
				<user_parameter name="CONFIG.PSU_BANK_1_IO_STANDARD" value="LVCMOS18"/>
				<user_parameter name="CONFIG.PSU_BANK_2_IO_STANDARD" value="LVCMOS18"/>
				<user_parameter name="CONFIG.PSU_BANK_3_IO_STANDARD" value="LVCMOS33"/>
				<user_parameter name="CONFIG.PSU_DDR_RAM_HIGHADDR" value="0xFFFFFFFF"/>
				<user_parameter name="CONFIG.PSU_DDR_RAM_HIGHADDR_OFFSET" value="0x800000000"/>
				<user_parameter name="CONFIG.PSU_MIO_0_PULLUPDOWN" value="disable"/>
				<user_parameter name="CONFIG.PSU_MIO_0_DRIVE_STRENGTH" value="12"/>
				<user_parameter name="CONFIG.PSU_MIO_0_POLARITY" value="Default"/>
				<user_parameter name="CONFIG.PSU_MIO_0_INPUT_TYPE" value="cmos"/>
				<user_parameter name="CONFIG.PSU_MIO_0_SLEW" value="slow"/>
				<user_parameter name="CONFIG.PSU_MIO_0_DIRECTION" value="out"/>
				<user_parameter name="CONFIG.PSU_MIO_1_PULLUPDOWN" value="pullup"/>
				<user_parameter name="CONFIG.PSU_MIO_1_DRIVE_STRENGTH" value="8"/>
				<user_parameter name="CONFIG.PSU_MIO_1_POLARITY" value="Default"/>
				<user_parameter name="CONFIG.PSU_MIO_1_INPUT_TYPE" value="cmos"/>
				<user_parameter name="CONFIG.PSU_MIO_1_SLEW" value="fast"/>
				<user_parameter name="CONFIG.PSU_MIO_1_DIRECTION" value="inout"/>
				<user_parameter name="CONFIG.PSU_MIO_2_PULLUPDOWN" value="pullup"/>
				<user_parameter name="CONFIG.PSU_MIO_2_DRIVE_STRENGTH" value="8"/>
				<user_parameter name="CONFIG.PSU_MIO_2_POLARITY" value="Default"/>
				<user_parameter name="CONFIG.PSU_MIO_2_INPUT_TYPE" value="cmos"/>
				<user_parameter name="CONFIG.PSU_MIO_2_SLEW" value="fast"/>
				<user_parameter name="CONFIG.PSU_MIO_2_DIRECTION" value="inout"/>
				<user_parameter name="CONFIG.PSU_MIO_3_PULLUPDOWN" value="pullup"/>
				<user_parameter name="CONFIG.PSU_MIO_3_DRIVE_STRENGTH" value="8"/>
				<user_parameter name="CONFIG.PSU_MIO_3_POLARITY" value="Default"/>
				<user_parameter name="CONFIG.PSU_MIO_3_INPUT_TYPE" value="cmos"/>
				<user_parameter name="CONFIG.PSU_MIO_3_SLEW" value="fast"/>
				<user_parameter name="CONFIG.PSU_MIO_3_DIRECTION" value="inout"/>
				<user_parameter name="CONFIG.PSU_MIO_4_PULLUPDOWN" value="pullup"/>
				<user_parameter name="CONFIG.PSU_MIO_4_DRIVE_STRENGTH" value="8"/>
				<user_parameter name="CONFIG.PSU_MIO_4_POLARITY" value="Default"/>
				<user_parameter name="CONFIG.PSU_MIO_4_INPUT_TYPE" value="cmos"/>
				<user_parameter name="CONFIG.PSU_MIO_4_SLEW" value="fast"/>
				<user_parameter name="CONFIG.PSU_MIO_4_DIRECTION" value="inout"/>
				<user_parameter name="CONFIG.PSU_MIO_5_PULLUPDOWN" value="pullup"/>
				<user_parameter name="CONFIG.PSU_MIO_5_DRIVE_STRENGTH" value="8"/>
				<user_parameter name="CONFIG.PSU_MIO_5_POLARITY" value="Default"/>
				<user_parameter name="CONFIG.PSU_MIO_5_INPUT_TYPE" value="cmos"/>
				<user_parameter name="CONFIG.PSU_MIO_5_SLEW" value="slow"/>
				<user_parameter name="CONFIG.PSU_MIO_5_DIRECTION" value="out"/>
				<user_parameter name="CONFIG.PSU_MIO_6_PULLUPDOWN" value="pullup"/>
				<user_parameter name="CONFIG.PSU_MIO_6_DRIVE_STRENGTH" value="12"/>
				<user_parameter name="CONFIG.PSU_MIO_6_POLARITY" value="Default"/>
				<user_parameter name="CONFIG.PSU_MIO_6_INPUT_TYPE" value="cmos"/>
				<user_parameter name="CONFIG.PSU_MIO_6_SLEW" value="fast"/>
				<user_parameter name="CONFIG.PSU_MIO_6_DIRECTION" value="out"/>
				<user_parameter name="CONFIG.PSU_MIO_7_PULLUPDOWN" value="pullup"/>
				<user_parameter name="CONFIG.PSU_MIO_7_DRIVE_STRENGTH" value="12"/>
				<user_parameter name="CONFIG.PSU_MIO_7_POLARITY" value="Default"/>
				<user_parameter name="CONFIG.PSU_MIO_7_INPUT_TYPE" value="cmos"/>
				<user_parameter name="CONFIG.PSU_MIO_7_SLEW" value="slow"/>
				<user_parameter name="CONFIG.PSU_MIO_7_DIRECTION" value="out"/>
				<user_parameter name="CONFIG.PSU_MIO_8_PULLUPDOWN" value="disable"/>
				<user_parameter name="CONFIG.PSU_MIO_8_DRIVE_STRENGTH" value="4"/>
				<user_parameter name="CONFIG.PSU_MIO_8_POLARITY" value="Default"/>
				<user_parameter name="CONFIG.PSU_MIO_8_INPUT_TYPE" value="cmos"/>
				<user_parameter name="CONFIG.PSU_MIO_8_SLEW" value="slow"/>
				<user_parameter name="CONFIG.PSU_MIO_8_DIRECTION" value="inout"/>
				<user_parameter name="CONFIG.PSU_MIO_9_PULLUPDOWN" value="disable"/>
				<user_parameter name="CONFIG.PSU_MIO_9_DRIVE_STRENGTH" value="4"/>
				<user_parameter name="CONFIG.PSU_MIO_9_POLARITY" value="Default"/>
				<user_parameter name="CONFIG.PSU_MIO_9_INPUT_TYPE" value="cmos"/>
				<user_parameter name="CONFIG.PSU_MIO_9_SLEW" value="slow"/>
				<user_parameter name="CONFIG.PSU_MIO_9_DIRECTION" value="inout"/>
				<user_parameter name="CONFIG.PSU_MIO_10_PULLUPDOWN" value="disable"/>
				<user_parameter name="CONFIG.PSU_MIO_10_DRIVE_STRENGTH" value="12"/>
				<user_parameter name="CONFIG.PSU_MIO_10_POLARITY" value="Default"/>
				<user_parameter name="CONFIG.PSU_MIO_10_INPUT_TYPE" value="cmos"/>
				<user_parameter name="CONFIG.PSU_MIO_10_SLEW" value="slow"/>
				<user_parameter name="CONFIG.PSU_MIO_10_DIRECTION" value="inout"/>
				<user_parameter name="CONFIG.PSU_MIO_11_PULLUPDOWN" value="disable"/>
				<user_parameter name="CONFIG.PSU_MIO_11_DRIVE_STRENGTH" value="12"/>
				<user_parameter name="CONFIG.PSU_MIO_11_POLARITY" value="Default"/>
				<user_parameter name="CONFIG.PSU_MIO_11_INPUT_TYPE" value="cmos"/>
				<user_parameter name="CONFIG.PSU_MIO_11_SLEW" value="slow"/>
				<user_parameter name="CONFIG.PSU_MIO_11_DIRECTION" value="inout"/>
				<user_parameter name="CONFIG.PSU_MIO_12_PULLUPDOWN" value="pullup"/>
				<user_parameter name="CONFIG.PSU_MIO_12_DRIVE_STRENGTH" value="12"/>
				<user_parameter name="CONFIG.PSU_MIO_12_POLARITY" value="Default"/>
				<user_parameter name="CONFIG.PSU_MIO_12_INPUT_TYPE" value="cmos"/>
				<user_parameter name="CONFIG.PSU_MIO_12_SLEW" value="slow"/>
				<user_parameter name="CONFIG.PSU_MIO_12_DIRECTION" value="inout"/>
				<user_parameter name="CONFIG.PSU_MIO_13_PULLUPDOWN" value="disable"/>
				<user_parameter name="CONFIG.PSU_MIO_13_DRIVE_STRENGTH" value="12"/>
				<user_parameter name="CONFIG.PSU_MIO_13_POLARITY" value="Default"/>
				<user_parameter name="CONFIG.PSU_MIO_13_INPUT_TYPE" value="cmos"/>
				<user_parameter name="CONFIG.PSU_MIO_13_SLEW" value="slow"/>
				<user_parameter name="CONFIG.PSU_MIO_13_DIRECTION" value="inout"/>
				<user_parameter name="CONFIG.PSU_MIO_14_PULLUPDOWN" value="disable"/>
				<user_parameter name="CONFIG.PSU_MIO_14_DRIVE_STRENGTH" value="4"/>
				<user_parameter name="CONFIG.PSU_MIO_14_POLARITY" value="Default"/>
				<user_parameter name="CONFIG.PSU_MIO_14_INPUT_TYPE" value="cmos"/>
				<user_parameter name="CONFIG.PSU_MIO_14_SLEW" value="slow"/>
				<user_parameter name="CONFIG.PSU_MIO_14_DIRECTION" value="out"/>
				<user_parameter name="CONFIG.PSU_MIO_15_PULLUPDOWN" value="disable"/>
				<user_parameter name="CONFIG.PSU_MIO_15_DRIVE_STRENGTH" value="4"/>
				<user_parameter name="CONFIG.PSU_MIO_15_POLARITY" value="Default"/>
				<user_parameter name="CONFIG.PSU_MIO_15_INPUT_TYPE" value="cmos"/>
				<user_parameter name="CONFIG.PSU_MIO_15_SLEW" value="slow"/>
				<user_parameter name="CONFIG.PSU_MIO_15_DIRECTION" value="inout"/>
				<user_parameter name="CONFIG.PSU_MIO_16_PULLUPDOWN" value="disable"/>
				<user_parameter name="CONFIG.PSU_MIO_16_DRIVE_STRENGTH" value="12"/>
				<user_parameter name="CONFIG.PSU_MIO_16_POLARITY" value="Default"/>
				<user_parameter name="CONFIG.PSU_MIO_16_INPUT_TYPE" value="cmos"/>
				<user_parameter name="CONFIG.PSU_MIO_16_SLEW" value="slow"/>
				<user_parameter name="CONFIG.PSU_MIO_16_DIRECTION" value="inout"/>
				<user_parameter name="CONFIG.PSU_MIO_17_PULLUPDOWN" value="disable"/>
				<user_parameter name="CONFIG.PSU_MIO_17_DRIVE_STRENGTH" value="12"/>
				<user_parameter name="CONFIG.PSU_MIO_17_POLARITY" value="Default"/>
				<user_parameter name="CONFIG.PSU_MIO_17_INPUT_TYPE" value="cmos"/>
				<user_parameter name="CONFIG.PSU_MIO_17_SLEW" value="slow"/>
				<user_parameter name="CONFIG.PSU_MIO_17_DIRECTION" value="inout"/>
				<user_parameter name="CONFIG.PSU_MIO_18_PULLUPDOWN" value="disable"/>
				<user_parameter name="CONFIG.PSU_MIO_18_DRIVE_STRENGTH" value="12"/>
				<user_parameter name="CONFIG.PSU_MIO_18_POLARITY" value="Default"/>
				<user_parameter name="CONFIG.PSU_MIO_18_INPUT_TYPE" value="cmos"/>
				<user_parameter name="CONFIG.PSU_MIO_18_SLEW" value="fast"/>
				<user_parameter name="CONFIG.PSU_MIO_18_DIRECTION" value="in"/>
				<user_parameter name="CONFIG.PSU_MIO_19_PULLUPDOWN" value="pullup"/>
				<user_parameter name="CONFIG.PSU_MIO_19_DRIVE_STRENGTH" value="12"/>
				<user_parameter name="CONFIG.PSU_MIO_19_POLARITY" value="Default"/>
				<user_parameter name="CONFIG.PSU_MIO_19_INPUT_TYPE" value="cmos"/>
				<user_parameter name="CONFIG.PSU_MIO_19_SLEW" value="slow"/>
				<user_parameter name="CONFIG.PSU_MIO_19_DIRECTION" value="out"/>
				<user_parameter name="CONFIG.PSU_MIO_20_PULLUPDOWN" value="pullup"/>
				<user_parameter name="CONFIG.PSU_MIO_20_DRIVE_STRENGTH" value="12"/>
				<user_parameter name="CONFIG.PSU_MIO_20_POLARITY" value="Default"/>
				<user_parameter name="CONFIG.PSU_MIO_20_INPUT_TYPE" value="cmos"/>
				<user_parameter name="CONFIG.PSU_MIO_20_SLEW" value="slow"/>
				<user_parameter name="CONFIG.PSU_MIO_20_DIRECTION" value="inout"/>
				<user_parameter name="CONFIG.PSU_MIO_21_PULLUPDOWN" value="pulldown"/>
				<user_parameter name="CONFIG.PSU_MIO_21_DRIVE_STRENGTH" value="12"/>
				<user_parameter name="CONFIG.PSU_MIO_21_POLARITY" value="Default"/>
				<user_parameter name="CONFIG.PSU_MIO_21_INPUT_TYPE" value="cmos"/>
				<user_parameter name="CONFIG.PSU_MIO_21_SLEW" value="slow"/>
				<user_parameter name="CONFIG.PSU_MIO_21_DIRECTION" value="inout"/>
				<user_parameter name="CONFIG.PSU_MIO_22_PULLUPDOWN" value="disable"/>
				<user_parameter name="CONFIG.PSU_MIO_22_DRIVE_STRENGTH" value="4"/>
				<user_parameter name="CONFIG.PSU_MIO_22_POLARITY" value="Default"/>
				<user_parameter name="CONFIG.PSU_MIO_22_INPUT_TYPE" value="cmos"/>
				<user_parameter name="CONFIG.PSU_MIO_22_SLEW" value="slow"/>
				<user_parameter name="CONFIG.PSU_MIO_22_DIRECTION" value="inout"/>
				<user_parameter name="CONFIG.PSU_MIO_23_PULLUPDOWN" value="disable"/>
				<user_parameter name="CONFIG.PSU_MIO_23_DRIVE_STRENGTH" value="4"/>
				<user_parameter name="CONFIG.PSU_MIO_23_POLARITY" value="Default"/>
				<user_parameter name="CONFIG.PSU_MIO_23_INPUT_TYPE" value="cmos"/>
				<user_parameter name="CONFIG.PSU_MIO_23_SLEW" value="slow"/>
				<user_parameter name="CONFIG.PSU_MIO_23_DIRECTION" value="inout"/>
				<user_parameter name="CONFIG.PSU_MIO_24_PULLUPDOWN" value="disable"/>
				<user_parameter name="CONFIG.PSU_MIO_24_DRIVE_STRENGTH" value="12"/>
				<user_parameter name="CONFIG.PSU_MIO_24_POLARITY" value="Default"/>
				<user_parameter name="CONFIG.PSU_MIO_24_INPUT_TYPE" value="cmos"/>
				<user_parameter name="CONFIG.PSU_MIO_24_SLEW" value="slow"/>
				<user_parameter name="CONFIG.PSU_MIO_24_DIRECTION" value="inout"/>
				<user_parameter name="CONFIG.PSU_MIO_25_PULLUPDOWN" value="pullup"/>
				<user_parameter name="CONFIG.PSU_MIO_25_DRIVE_STRENGTH" value="12"/>
				<user_parameter name="CONFIG.PSU_MIO_25_POLARITY" value="Default"/>
				<user_parameter name="CONFIG.PSU_MIO_25_INPUT_TYPE" value="cmos"/>
				<user_parameter name="CONFIG.PSU_MIO_25_SLEW" value="slow"/>
				<user_parameter name="CONFIG.PSU_MIO_25_DIRECTION" value="inout"/>
				<user_parameter name="CONFIG.PSU_MIO_26_PULLUPDOWN" value="disable"/>
				<user_parameter name="CONFIG.PSU_MIO_26_DRIVE_STRENGTH" value="8"/>
				<user_parameter name="CONFIG.PSU_MIO_26_POLARITY" value="Default"/>
				<user_parameter name="CONFIG.PSU_MIO_26_INPUT_TYPE" value="cmos"/>
				<user_parameter name="CONFIG.PSU_MIO_26_SLEW" value="slow"/>
				<user_parameter name="CONFIG.PSU_MIO_26_DIRECTION" value="out"/>
				<user_parameter name="CONFIG.PSU_MIO_27_PULLUPDOWN" value="disable"/>
				<user_parameter name="CONFIG.PSU_MIO_27_DRIVE_STRENGTH" value="8"/>
				<user_parameter name="CONFIG.PSU_MIO_27_POLARITY" value="Default"/>
				<user_parameter name="CONFIG.PSU_MIO_27_INPUT_TYPE" value="cmos"/>
				<user_parameter name="CONFIG.PSU_MIO_27_SLEW" value="slow"/>
				<user_parameter name="CONFIG.PSU_MIO_27_DIRECTION" value="out"/>
				<user_parameter name="CONFIG.PSU_MIO_28_PULLUPDOWN" value="disable"/>
				<user_parameter name="CONFIG.PSU_MIO_28_DRIVE_STRENGTH" value="8"/>
				<user_parameter name="CONFIG.PSU_MIO_28_POLARITY" value="Default"/>
				<user_parameter name="CONFIG.PSU_MIO_28_INPUT_TYPE" value="cmos"/>
				<user_parameter name="CONFIG.PSU_MIO_28_SLEW" value="slow"/>
				<user_parameter name="CONFIG.PSU_MIO_28_DIRECTION" value="out"/>
				<user_parameter name="CONFIG.PSU_MIO_29_PULLUPDOWN" value="disable"/>
				<user_parameter name="CONFIG.PSU_MIO_29_DRIVE_STRENGTH" value="8"/>
				<user_parameter name="CONFIG.PSU_MIO_29_POLARITY" value="Default"/>
				<user_parameter name="CONFIG.PSU_MIO_29_INPUT_TYPE" value="cmos"/>
				<user_parameter name="CONFIG.PSU_MIO_29_SLEW" value="slow"/>
				<user_parameter name="CONFIG.PSU_MIO_29_DIRECTION" value="out"/>
				<user_parameter name="CONFIG.PSU_MIO_30_PULLUPDOWN" value="disable"/>
				<user_parameter name="CONFIG.PSU_MIO_30_DRIVE_STRENGTH" value="8"/>
				<user_parameter name="CONFIG.PSU_MIO_30_POLARITY" value="Default"/>
				<user_parameter name="CONFIG.PSU_MIO_30_INPUT_TYPE" value="cmos"/>
				<user_parameter name="CONFIG.PSU_MIO_30_SLEW" value="slow"/>
				<user_parameter name="CONFIG.PSU_MIO_30_DIRECTION" value="out"/>
				<user_parameter name="CONFIG.PSU_MIO_31_PULLUPDOWN" value="disable"/>
				<user_parameter name="CONFIG.PSU_MIO_31_DRIVE_STRENGTH" value="8"/>
				<user_parameter name="CONFIG.PSU_MIO_31_POLARITY" value="Default"/>
				<user_parameter name="CONFIG.PSU_MIO_31_INPUT_TYPE" value="cmos"/>
				<user_parameter name="CONFIG.PSU_MIO_31_SLEW" value="slow"/>
				<user_parameter name="CONFIG.PSU_MIO_31_DIRECTION" value="out"/>
				<user_parameter name="CONFIG.PSU_MIO_32_PULLUPDOWN" value="pulldown"/>
				<user_parameter name="CONFIG.PSU_MIO_32_DRIVE_STRENGTH" value="12"/>
				<user_parameter name="CONFIG.PSU_MIO_32_POLARITY" value="Default"/>
				<user_parameter name="CONFIG.PSU_MIO_32_INPUT_TYPE" value="cmos"/>
				<user_parameter name="CONFIG.PSU_MIO_32_SLEW" value="fast"/>
				<user_parameter name="CONFIG.PSU_MIO_32_DIRECTION" value="in"/>
				<user_parameter name="CONFIG.PSU_MIO_33_PULLUPDOWN" value="pulldown"/>
				<user_parameter name="CONFIG.PSU_MIO_33_DRIVE_STRENGTH" value="12"/>
				<user_parameter name="CONFIG.PSU_MIO_33_POLARITY" value="Default"/>
				<user_parameter name="CONFIG.PSU_MIO_33_INPUT_TYPE" value="cmos"/>
				<user_parameter name="CONFIG.PSU_MIO_33_SLEW" value="fast"/>
				<user_parameter name="CONFIG.PSU_MIO_33_DIRECTION" value="in"/>
				<user_parameter name="CONFIG.PSU_MIO_34_PULLUPDOWN" value="pulldown"/>
				<user_parameter name="CONFIG.PSU_MIO_34_DRIVE_STRENGTH" value="12"/>
				<user_parameter name="CONFIG.PSU_MIO_34_POLARITY" value="Default"/>
				<user_parameter name="CONFIG.PSU_MIO_34_INPUT_TYPE" value="cmos"/>
				<user_parameter name="CONFIG.PSU_MIO_34_SLEW" value="fast"/>
				<user_parameter name="CONFIG.PSU_MIO_34_DIRECTION" value="in"/>
				<user_parameter name="CONFIG.PSU_MIO_35_PULLUPDOWN" value="pulldown"/>
				<user_parameter name="CONFIG.PSU_MIO_35_DRIVE_STRENGTH" value="12"/>
				<user_parameter name="CONFIG.PSU_MIO_35_POLARITY" value="Default"/>
				<user_parameter name="CONFIG.PSU_MIO_35_INPUT_TYPE" value="cmos"/>
				<user_parameter name="CONFIG.PSU_MIO_35_SLEW" value="fast"/>
				<user_parameter name="CONFIG.PSU_MIO_35_DIRECTION" value="in"/>
				<user_parameter name="CONFIG.PSU_MIO_36_PULLUPDOWN" value="pulldown"/>
				<user_parameter name="CONFIG.PSU_MIO_36_DRIVE_STRENGTH" value="12"/>
				<user_parameter name="CONFIG.PSU_MIO_36_POLARITY" value="Default"/>
				<user_parameter name="CONFIG.PSU_MIO_36_INPUT_TYPE" value="cmos"/>
				<user_parameter name="CONFIG.PSU_MIO_36_SLEW" value="fast"/>
				<user_parameter name="CONFIG.PSU_MIO_36_DIRECTION" value="in"/>
				<user_parameter name="CONFIG.PSU_MIO_37_PULLUPDOWN" value="pulldown"/>
				<user_parameter name="CONFIG.PSU_MIO_37_DRIVE_STRENGTH" value="12"/>
				<user_parameter name="CONFIG.PSU_MIO_37_POLARITY" value="Default"/>
				<user_parameter name="CONFIG.PSU_MIO_37_INPUT_TYPE" value="cmos"/>
				<user_parameter name="CONFIG.PSU_MIO_37_SLEW" value="fast"/>
				<user_parameter name="CONFIG.PSU_MIO_37_DIRECTION" value="in"/>
				<user_parameter name="CONFIG.PSU_MIO_38_PULLUPDOWN" value="disable"/>
				<user_parameter name="CONFIG.PSU_MIO_38_DRIVE_STRENGTH" value="12"/>
				<user_parameter name="CONFIG.PSU_MIO_38_POLARITY" value="Default"/>
				<user_parameter name="CONFIG.PSU_MIO_38_INPUT_TYPE" value="cmos"/>
				<user_parameter name="CONFIG.PSU_MIO_38_SLEW" value="slow"/>
				<user_parameter name="CONFIG.PSU_MIO_38_DIRECTION" value="inout"/>
				<user_parameter name="CONFIG.PSU_MIO_39_PULLUPDOWN" value="disable"/>
				<user_parameter name="CONFIG.PSU_MIO_39_DRIVE_STRENGTH" value="4"/>
				<user_parameter name="CONFIG.PSU_MIO_39_POLARITY" value="Default"/>
				<user_parameter name="CONFIG.PSU_MIO_39_INPUT_TYPE" value="cmos"/>
				<user_parameter name="CONFIG.PSU_MIO_39_SLEW" value="slow"/>
				<user_parameter name="CONFIG.PSU_MIO_39_DIRECTION" value="inout"/>
				<user_parameter name="CONFIG.PSU_MIO_40_PULLUPDOWN" value="pullup"/>
				<user_parameter name="CONFIG.PSU_MIO_40_DRIVE_STRENGTH" value="12"/>
				<user_parameter name="CONFIG.PSU_MIO_40_POLARITY" value="Default"/>
				<user_parameter name="CONFIG.PSU_MIO_40_INPUT_TYPE" value="cmos"/>
				<user_parameter name="CONFIG.PSU_MIO_40_SLEW" value="fast"/>
				<user_parameter name="CONFIG.PSU_MIO_40_DIRECTION" value="inout"/>
				<user_parameter name="CONFIG.PSU_MIO_41_PULLUPDOWN" value="pullup"/>
				<user_parameter name="CONFIG.PSU_MIO_41_DRIVE_STRENGTH" value="12"/>
				<user_parameter name="CONFIG.PSU_MIO_41_POLARITY" value="Default"/>
				<user_parameter name="CONFIG.PSU_MIO_41_INPUT_TYPE" value="cmos"/>
				<user_parameter name="CONFIG.PSU_MIO_41_SLEW" value="fast"/>
				<user_parameter name="CONFIG.PSU_MIO_41_DIRECTION" value="inout"/>
				<user_parameter name="CONFIG.PSU_MIO_42_PULLUPDOWN" value="pullup"/>
				<user_parameter name="CONFIG.PSU_MIO_42_DRIVE_STRENGTH" value="12"/>
				<user_parameter name="CONFIG.PSU_MIO_42_POLARITY" value="Default"/>
				<user_parameter name="CONFIG.PSU_MIO_42_INPUT_TYPE" value="cmos"/>
				<user_parameter name="CONFIG.PSU_MIO_42_SLEW" value="fast"/>
				<user_parameter name="CONFIG.PSU_MIO_42_DIRECTION" value="inout"/>
				<user_parameter name="CONFIG.PSU_MIO_43_PULLUPDOWN" value="disable"/>
				<user_parameter name="CONFIG.PSU_MIO_43_DRIVE_STRENGTH" value="4"/>
				<user_parameter name="CONFIG.PSU_MIO_43_POLARITY" value="Default"/>
				<user_parameter name="CONFIG.PSU_MIO_43_INPUT_TYPE" value="cmos"/>
				<user_parameter name="CONFIG.PSU_MIO_43_SLEW" value="slow"/>
				<user_parameter name="CONFIG.PSU_MIO_43_DIRECTION" value="out"/>
				<user_parameter name="CONFIG.PSU_MIO_44_PULLUPDOWN" value="disable"/>
				<user_parameter name="CONFIG.PSU_MIO_44_DRIVE_STRENGTH" value="12"/>
				<user_parameter name="CONFIG.PSU_MIO_44_POLARITY" value="Default"/>
				<user_parameter name="CONFIG.PSU_MIO_44_INPUT_TYPE" value="cmos"/>
				<user_parameter name="CONFIG.PSU_MIO_44_SLEW" value="slow"/>
				<user_parameter name="CONFIG.PSU_MIO_44_DIRECTION" value="inout"/>
				<user_parameter name="CONFIG.PSU_MIO_45_PULLUPDOWN" value="disable"/>
				<user_parameter name="CONFIG.PSU_MIO_45_DRIVE_STRENGTH" value="12"/>
				<user_parameter name="CONFIG.PSU_MIO_45_POLARITY" value="Default"/>
				<user_parameter name="CONFIG.PSU_MIO_45_INPUT_TYPE" value="cmos"/>
				<user_parameter name="CONFIG.PSU_MIO_45_SLEW" value="fast"/>
				<user_parameter name="CONFIG.PSU_MIO_45_DIRECTION" value="in"/>
				<user_parameter name="CONFIG.PSU_MIO_46_PULLUPDOWN" value="pullup"/>
				<user_parameter name="CONFIG.PSU_MIO_46_DRIVE_STRENGTH" value="12"/>
				<user_parameter name="CONFIG.PSU_MIO_46_POLARITY" value="Default"/>
				<user_parameter name="CONFIG.PSU_MIO_46_INPUT_TYPE" value="cmos"/>
				<user_parameter name="CONFIG.PSU_MIO_46_SLEW" value="fast"/>
				<user_parameter name="CONFIG.PSU_MIO_46_DIRECTION" value="inout"/>
				<user_parameter name="CONFIG.PSU_MIO_47_PULLUPDOWN" value="pullup"/>
				<user_parameter name="CONFIG.PSU_MIO_47_DRIVE_STRENGTH" value="12"/>
				<user_parameter name="CONFIG.PSU_MIO_47_POLARITY" value="Default"/>
				<user_parameter name="CONFIG.PSU_MIO_47_INPUT_TYPE" value="cmos"/>
				<user_parameter name="CONFIG.PSU_MIO_47_SLEW" value="fast"/>
				<user_parameter name="CONFIG.PSU_MIO_47_DIRECTION" value="inout"/>
				<user_parameter name="CONFIG.PSU_MIO_48_PULLUPDOWN" value="pullup"/>
				<user_parameter name="CONFIG.PSU_MIO_48_DRIVE_STRENGTH" value="12"/>
				<user_parameter name="CONFIG.PSU_MIO_48_POLARITY" value="Default"/>
				<user_parameter name="CONFIG.PSU_MIO_48_INPUT_TYPE" value="cmos"/>
				<user_parameter name="CONFIG.PSU_MIO_48_SLEW" value="fast"/>
				<user_parameter name="CONFIG.PSU_MIO_48_DIRECTION" value="inout"/>
				<user_parameter name="CONFIG.PSU_MIO_49_PULLUPDOWN" value="pullup"/>
				<user_parameter name="CONFIG.PSU_MIO_49_DRIVE_STRENGTH" value="12"/>
				<user_parameter name="CONFIG.PSU_MIO_49_POLARITY" value="Default"/>
				<user_parameter name="CONFIG.PSU_MIO_49_INPUT_TYPE" value="cmos"/>
				<user_parameter name="CONFIG.PSU_MIO_49_SLEW" value="fast"/>
				<user_parameter name="CONFIG.PSU_MIO_49_DIRECTION" value="inout"/>
				<user_parameter name="CONFIG.PSU_MIO_50_PULLUPDOWN" value="pullup"/>
				<user_parameter name="CONFIG.PSU_MIO_50_DRIVE_STRENGTH" value="12"/>
				<user_parameter name="CONFIG.PSU_MIO_50_POLARITY" value="Default"/>
				<user_parameter name="CONFIG.PSU_MIO_50_INPUT_TYPE" value="cmos"/>
				<user_parameter name="CONFIG.PSU_MIO_50_SLEW" value="fast"/>
				<user_parameter name="CONFIG.PSU_MIO_50_DIRECTION" value="inout"/>
				<user_parameter name="CONFIG.PSU_MIO_51_PULLUPDOWN" value="pullup"/>
				<user_parameter name="CONFIG.PSU_MIO_51_DRIVE_STRENGTH" value="12"/>
				<user_parameter name="CONFIG.PSU_MIO_51_POLARITY" value="Default"/>
				<user_parameter name="CONFIG.PSU_MIO_51_INPUT_TYPE" value="cmos"/>
				<user_parameter name="CONFIG.PSU_MIO_51_SLEW" value="fast"/>
				<user_parameter name="CONFIG.PSU_MIO_51_DIRECTION" value="out"/>
				<user_parameter name="CONFIG.PSU_MIO_52_PULLUPDOWN" value="disable"/>
				<user_parameter name="CONFIG.PSU_MIO_52_DRIVE_STRENGTH" value="12"/>
				<user_parameter name="CONFIG.PSU_MIO_52_POLARITY" value="Default"/>
				<user_parameter name="CONFIG.PSU_MIO_52_INPUT_TYPE" value="schmitt"/>
				<user_parameter name="CONFIG.PSU_MIO_52_SLEW" value="fast"/>
				<user_parameter name="CONFIG.PSU_MIO_52_DIRECTION" value="in"/>
				<user_parameter name="CONFIG.PSU_MIO_53_PULLUPDOWN" value="pulldown"/>
				<user_parameter name="CONFIG.PSU_MIO_53_DRIVE_STRENGTH" value="12"/>
				<user_parameter name="CONFIG.PSU_MIO_53_POLARITY" value="Default"/>
				<user_parameter name="CONFIG.PSU_MIO_53_INPUT_TYPE" value="schmitt"/>
				<user_parameter name="CONFIG.PSU_MIO_53_SLEW" value="fast"/>
				<user_parameter name="CONFIG.PSU_MIO_53_DIRECTION" value="in"/>
				<user_parameter name="CONFIG.PSU_MIO_54_PULLUPDOWN" value="disable"/>
				<user_parameter name="CONFIG.PSU_MIO_54_DRIVE_STRENGTH" value="12"/>
				<user_parameter name="CONFIG.PSU_MIO_54_POLARITY" value="Default"/>
				<user_parameter name="CONFIG.PSU_MIO_54_INPUT_TYPE" value="schmitt"/>
				<user_parameter name="CONFIG.PSU_MIO_54_SLEW" value="fast"/>
				<user_parameter name="CONFIG.PSU_MIO_54_DIRECTION" value="inout"/>
				<user_parameter name="CONFIG.PSU_MIO_55_PULLUPDOWN" value="pulldown"/>
				<user_parameter name="CONFIG.PSU_MIO_55_DRIVE_STRENGTH" value="12"/>
				<user_parameter name="CONFIG.PSU_MIO_55_POLARITY" value="Default"/>
				<user_parameter name="CONFIG.PSU_MIO_55_INPUT_TYPE" value="schmitt"/>
				<user_parameter name="CONFIG.PSU_MIO_55_SLEW" value="fast"/>
				<user_parameter name="CONFIG.PSU_MIO_55_DIRECTION" value="in"/>
				<user_parameter name="CONFIG.PSU_MIO_56_PULLUPDOWN" value="disable"/>
				<user_parameter name="CONFIG.PSU_MIO_56_DRIVE_STRENGTH" value="12"/>
				<user_parameter name="CONFIG.PSU_MIO_56_POLARITY" value="Default"/>
				<user_parameter name="CONFIG.PSU_MIO_56_INPUT_TYPE" value="schmitt"/>
				<user_parameter name="CONFIG.PSU_MIO_56_SLEW" value="fast"/>
				<user_parameter name="CONFIG.PSU_MIO_56_DIRECTION" value="inout"/>
				<user_parameter name="CONFIG.PSU_MIO_57_PULLUPDOWN" value="disable"/>
				<user_parameter name="CONFIG.PSU_MIO_57_DRIVE_STRENGTH" value="12"/>
				<user_parameter name="CONFIG.PSU_MIO_57_POLARITY" value="Default"/>
				<user_parameter name="CONFIG.PSU_MIO_57_INPUT_TYPE" value="schmitt"/>
				<user_parameter name="CONFIG.PSU_MIO_57_SLEW" value="fast"/>
				<user_parameter name="CONFIG.PSU_MIO_57_DIRECTION" value="inout"/>
				<user_parameter name="CONFIG.PSU_MIO_58_PULLUPDOWN" value="pullup"/>
				<user_parameter name="CONFIG.PSU_MIO_58_DRIVE_STRENGTH" value="12"/>
				<user_parameter name="CONFIG.PSU_MIO_58_POLARITY" value="Default"/>
				<user_parameter name="CONFIG.PSU_MIO_58_INPUT_TYPE" value="cmos"/>
				<user_parameter name="CONFIG.PSU_MIO_58_SLEW" value="fast"/>
				<user_parameter name="CONFIG.PSU_MIO_58_DIRECTION" value="out"/>
				<user_parameter name="CONFIG.PSU_MIO_59_PULLUPDOWN" value="disable"/>
				<user_parameter name="CONFIG.PSU_MIO_59_DRIVE_STRENGTH" value="12"/>
				<user_parameter name="CONFIG.PSU_MIO_59_POLARITY" value="Default"/>
				<user_parameter name="CONFIG.PSU_MIO_59_INPUT_TYPE" value="schmitt"/>
				<user_parameter name="CONFIG.PSU_MIO_59_SLEW" value="fast"/>
				<user_parameter name="CONFIG.PSU_MIO_59_DIRECTION" value="inout"/>
				<user_parameter name="CONFIG.PSU_MIO_60_PULLUPDOWN" value="disable"/>
				<user_parameter name="CONFIG.PSU_MIO_60_DRIVE_STRENGTH" value="12"/>
				<user_parameter name="CONFIG.PSU_MIO_60_POLARITY" value="Default"/>
				<user_parameter name="CONFIG.PSU_MIO_60_INPUT_TYPE" value="schmitt"/>
				<user_parameter name="CONFIG.PSU_MIO_60_SLEW" value="fast"/>
				<user_parameter name="CONFIG.PSU_MIO_60_DIRECTION" value="inout"/>
				<user_parameter name="CONFIG.PSU_MIO_61_PULLUPDOWN" value="disable"/>
				<user_parameter name="CONFIG.PSU_MIO_61_DRIVE_STRENGTH" value="12"/>
				<user_parameter name="CONFIG.PSU_MIO_61_POLARITY" value="Default"/>
				<user_parameter name="CONFIG.PSU_MIO_61_INPUT_TYPE" value="schmitt"/>
				<user_parameter name="CONFIG.PSU_MIO_61_SLEW" value="fast"/>
				<user_parameter name="CONFIG.PSU_MIO_61_DIRECTION" value="inout"/>
				<user_parameter name="CONFIG.PSU_MIO_62_PULLUPDOWN" value="disable"/>
				<user_parameter name="CONFIG.PSU_MIO_62_DRIVE_STRENGTH" value="12"/>
				<user_parameter name="CONFIG.PSU_MIO_62_POLARITY" value="Default"/>
				<user_parameter name="CONFIG.PSU_MIO_62_INPUT_TYPE" value="schmitt"/>
				<user_parameter name="CONFIG.PSU_MIO_62_SLEW" value="fast"/>
				<user_parameter name="CONFIG.PSU_MIO_62_DIRECTION" value="inout"/>
				<user_parameter name="CONFIG.PSU_MIO_63_PULLUPDOWN" value="disable"/>
				<user_parameter name="CONFIG.PSU_MIO_63_DRIVE_STRENGTH" value="12"/>
				<user_parameter name="CONFIG.PSU_MIO_63_POLARITY" value="Default"/>
				<user_parameter name="CONFIG.PSU_MIO_63_INPUT_TYPE" value="schmitt"/>
				<user_parameter name="CONFIG.PSU_MIO_63_SLEW" value="fast"/>
				<user_parameter name="CONFIG.PSU_MIO_63_DIRECTION" value="inout"/>
				<user_parameter name="CONFIG.PSU_MIO_64_PULLUPDOWN" value="disable"/>
				<user_parameter name="CONFIG.PSU_MIO_64_DRIVE_STRENGTH" value="12"/>
				<user_parameter name="CONFIG.PSU_MIO_64_POLARITY" value="Default"/>
				<user_parameter name="CONFIG.PSU_MIO_64_INPUT_TYPE" value="schmitt"/>
				<user_parameter name="CONFIG.PSU_MIO_64_SLEW" value="fast"/>
				<user_parameter name="CONFIG.PSU_MIO_64_DIRECTION" value="in"/>
				<user_parameter name="CONFIG.PSU_MIO_65_PULLUPDOWN" value="pulldown"/>
				<user_parameter name="CONFIG.PSU_MIO_65_DRIVE_STRENGTH" value="12"/>
				<user_parameter name="CONFIG.PSU_MIO_65_POLARITY" value="Default"/>
				<user_parameter name="CONFIG.PSU_MIO_65_INPUT_TYPE" value="schmitt"/>
				<user_parameter name="CONFIG.PSU_MIO_65_SLEW" value="fast"/>
				<user_parameter name="CONFIG.PSU_MIO_65_DIRECTION" value="in"/>
				<user_parameter name="CONFIG.PSU_MIO_66_PULLUPDOWN" value="disable"/>
				<user_parameter name="CONFIG.PSU_MIO_66_DRIVE_STRENGTH" value="12"/>
				<user_parameter name="CONFIG.PSU_MIO_66_POLARITY" value="Default"/>
				<user_parameter name="CONFIG.PSU_MIO_66_INPUT_TYPE" value="schmitt"/>
				<user_parameter name="CONFIG.PSU_MIO_66_SLEW" value="fast"/>
				<user_parameter name="CONFIG.PSU_MIO_66_DIRECTION" value="inout"/>
				<user_parameter name="CONFIG.PSU_MIO_67_PULLUPDOWN" value="pulldown"/>
				<user_parameter name="CONFIG.PSU_MIO_67_DRIVE_STRENGTH" value="12"/>
				<user_parameter name="CONFIG.PSU_MIO_67_POLARITY" value="Default"/>
				<user_parameter name="CONFIG.PSU_MIO_67_INPUT_TYPE" value="schmitt"/>
				<user_parameter name="CONFIG.PSU_MIO_67_SLEW" value="fast"/>
				<user_parameter name="CONFIG.PSU_MIO_67_DIRECTION" value="in"/>
				<user_parameter name="CONFIG.PSU_MIO_68_PULLUPDOWN" value="disable"/>
				<user_parameter name="CONFIG.PSU_MIO_68_DRIVE_STRENGTH" value="12"/>
				<user_parameter name="CONFIG.PSU_MIO_68_POLARITY" value="Default"/>
				<user_parameter name="CONFIG.PSU_MIO_68_INPUT_TYPE" value="schmitt"/>
				<user_parameter name="CONFIG.PSU_MIO_68_SLEW" value="fast"/>
				<user_parameter name="CONFIG.PSU_MIO_68_DIRECTION" value="inout"/>
				<user_parameter name="CONFIG.PSU_MIO_69_PULLUPDOWN" value="disable"/>
				<user_parameter name="CONFIG.PSU_MIO_69_DRIVE_STRENGTH" value="12"/>
				<user_parameter name="CONFIG.PSU_MIO_69_POLARITY" value="Default"/>
				<user_parameter name="CONFIG.PSU_MIO_69_INPUT_TYPE" value="schmitt"/>
				<user_parameter name="CONFIG.PSU_MIO_69_SLEW" value="fast"/>
				<user_parameter name="CONFIG.PSU_MIO_69_DIRECTION" value="inout"/>
				<user_parameter name="CONFIG.PSU_MIO_70_PULLUPDOWN" value="pullup"/>
				<user_parameter name="CONFIG.PSU_MIO_70_DRIVE_STRENGTH" value="12"/>
				<user_parameter name="CONFIG.PSU_MIO_70_POLARITY" value="Default"/>
				<user_parameter name="CONFIG.PSU_MIO_70_INPUT_TYPE" value="cmos"/>
				<user_parameter name="CONFIG.PSU_MIO_70_SLEW" value="fast"/>
				<user_parameter name="CONFIG.PSU_MIO_70_DIRECTION" value="out"/>
				<user_parameter name="CONFIG.PSU_MIO_71_PULLUPDOWN" value="disable"/>
				<user_parameter name="CONFIG.PSU_MIO_71_DRIVE_STRENGTH" value="12"/>
				<user_parameter name="CONFIG.PSU_MIO_71_POLARITY" value="Default"/>
				<user_parameter name="CONFIG.PSU_MIO_71_INPUT_TYPE" value="schmitt"/>
				<user_parameter name="CONFIG.PSU_MIO_71_SLEW" value="fast"/>
				<user_parameter name="CONFIG.PSU_MIO_71_DIRECTION" value="inout"/>
				<user_parameter name="CONFIG.PSU_MIO_72_PULLUPDOWN" value="disable"/>
				<user_parameter name="CONFIG.PSU_MIO_72_DRIVE_STRENGTH" value="12"/>
				<user_parameter name="CONFIG.PSU_MIO_72_POLARITY" value="Default"/>
				<user_parameter name="CONFIG.PSU_MIO_72_INPUT_TYPE" value="schmitt"/>
				<user_parameter name="CONFIG.PSU_MIO_72_SLEW" value="fast"/>
				<user_parameter name="CONFIG.PSU_MIO_72_DIRECTION" value="inout"/>
				<user_parameter name="CONFIG.PSU_MIO_73_PULLUPDOWN" value="disable"/>
				<user_parameter name="CONFIG.PSU_MIO_73_DRIVE_STRENGTH" value="12"/>
				<user_parameter name="CONFIG.PSU_MIO_73_POLARITY" value="Default"/>
				<user_parameter name="CONFIG.PSU_MIO_73_INPUT_TYPE" value="schmitt"/>
				<user_parameter name="CONFIG.PSU_MIO_73_SLEW" value="fast"/>
				<user_parameter name="CONFIG.PSU_MIO_73_DIRECTION" value="inout"/>
				<user_parameter name="CONFIG.PSU_MIO_74_PULLUPDOWN" value="disable"/>
				<user_parameter name="CONFIG.PSU_MIO_74_DRIVE_STRENGTH" value="12"/>
				<user_parameter name="CONFIG.PSU_MIO_74_POLARITY" value="Default"/>
				<user_parameter name="CONFIG.PSU_MIO_74_INPUT_TYPE" value="schmitt"/>
				<user_parameter name="CONFIG.PSU_MIO_74_SLEW" value="fast"/>
				<user_parameter name="CONFIG.PSU_MIO_74_DIRECTION" value="inout"/>
				<user_parameter name="CONFIG.PSU_MIO_75_PULLUPDOWN" value="disable"/>
				<user_parameter name="CONFIG.PSU_MIO_75_DRIVE_STRENGTH" value="12"/>
				<user_parameter name="CONFIG.PSU_MIO_75_POLARITY" value="Default"/>
				<user_parameter name="CONFIG.PSU_MIO_75_INPUT_TYPE" value="schmitt"/>
				<user_parameter name="CONFIG.PSU_MIO_75_SLEW" value="fast"/>
				<user_parameter name="CONFIG.PSU_MIO_75_DIRECTION" value="inout"/>
				<user_parameter name="CONFIG.PSU_MIO_76_PULLUPDOWN" value="pullup"/>
				<user_parameter name="CONFIG.PSU_MIO_76_DRIVE_STRENGTH" value="4"/>
				<user_parameter name="CONFIG.PSU_MIO_76_POLARITY" value="Default"/>
				<user_parameter name="CONFIG.PSU_MIO_76_INPUT_TYPE" value="cmos"/>
				<user_parameter name="CONFIG.PSU_MIO_76_SLEW" value="slow"/>
				<user_parameter name="CONFIG.PSU_MIO_76_DIRECTION" value="out"/>
				<user_parameter name="CONFIG.PSU_MIO_77_PULLUPDOWN" value="disable"/>
				<user_parameter name="CONFIG.PSU_MIO_77_DRIVE_STRENGTH" value="4"/>
				<user_parameter name="CONFIG.PSU_MIO_77_POLARITY" value="Default"/>
				<user_parameter name="CONFIG.PSU_MIO_77_INPUT_TYPE" value="cmos"/>
				<user_parameter name="CONFIG.PSU_MIO_77_SLEW" value="slow"/>
				<user_parameter name="CONFIG.PSU_MIO_77_DIRECTION" value="inout"/>
				<user_parameter name="CONFIG.PSU_USB3__DUAL_CLOCK_ENABLE" value="1"/>
				<user_parameter name="CONFIG.PSU__ACT_DDR_FREQ_MHZ" value="930"/>
				<user_parameter name="CONFIG.PSU__CRF_APB__ACPU_CTRL__DIVISOR0" value="1"/>
				<user_parameter name="CONFIG.PSU__CRF_APB__ACPU_CTRL__SRCSEL" value="APLL"/>
				<user_parameter name="CONFIG.PSU__CRF_APB__ACPU__FRAC_ENABLED" value="0"/>
				<user_parameter name="CONFIG.PSU__CRF_APB__ACPU_CTRL__ACT_FREQMHZ" value="1200.000000"/>
				<user_parameter name="CONFIG.PSU__CRF_APB__ACPU_CTRL__FREQMHZ" value="1200"/>
				<user_parameter name="CONFIG.PSU__CRF_APB__APLL_CTRL__FRACDATA" value="0.000000"/>
				<user_parameter name="CONFIG.PSU__CRF_APB__APLL_CTRL__DIV2" value="1"/>
				<user_parameter name="CONFIG.PSU__CRF_APB__APLL_CTRL__FBDIV" value="80"/>
				<user_parameter name="CONFIG.PSU__CRF_APB__APLL_TO_LPD_CTRL__DIVISOR0" value="3"/>
				<user_parameter name="CONFIG.PSU__CRF_APB__APLL_CTRL__SRCSEL" value="PSS_REF_CLK"/>
				<user_parameter name="CONFIG.PSU__CRF_APB__APLL_FRAC_CFG__ENABLED" value="0"/>
				<user_parameter name="CONFIG.PSU__CRF_APB__APLL_CTRL__FRACFREQ" value="1200"/>
				<user_parameter name="CONFIG.PSU__CRF_APB__DBG_TRACE_CTRL__DIVISOR0" value="5"/>
				<user_parameter name="CONFIG.PSU__CRF_APB__DBG_FPD_CTRL__DIVISOR0" value="2"/>
				<user_parameter name="CONFIG.PSU__CRF_APB__DBG_TSTMP_CTRL__DIVISOR0" value="2"/>
				<user_parameter name="CONFIG.PSU__CRF_APB__DBG_TRACE_CTRL__SRCSEL" value="IOPLL"/>
				<user_parameter name="CONFIG.PSU__CRF_APB__DBG_FPD_CTRL__SRCSEL" value="IOPLL"/>
				<user_parameter name="CONFIG.PSU__CRF_APB__DBG_TSTMP_CTRL__SRCSEL" value="IOPLL"/>
				<user_parameter name="CONFIG.PSU__CRF_APB__DBG_TRACE_CTRL__ACT_FREQMHZ" value="250"/>
				<user_parameter name="CONFIG.PSU__CRF_APB__DBG_FPD_CTRL__ACT_FREQMHZ" value="250.000000"/>
				<user_parameter name="CONFIG.PSU__CRF_APB__DBG_TSTMP_CTRL__ACT_FREQMHZ" value="250.000000"/>
				<user_parameter name="CONFIG.PSU__CRF_APB__DBG_TRACE_CTRL__FREQMHZ" value="250"/>
				<user_parameter name="CONFIG.PSU__CRF_APB__DBG_FPD_CTRL__FREQMHZ" value="250"/>
				<user_parameter name="CONFIG.PSU__CRF_APB__DBG_TSTMP_CTRL__FREQMHZ" value="250"/>
				<user_parameter name="CONFIG.PSU__CRF_APB__DDR_CTRL__DIVISOR0" value="3"/>
				<user_parameter name="CONFIG.PSU__CRF_APB__DDR_CTRL__SRCSEL" value="DPLL"/>
				<user_parameter name="CONFIG.PSU__CRF_APB__DDR_CTRL__ACT_FREQMHZ" value="465.000000"/>
				<user_parameter name="CONFIG.PSU__CRF_APB__DDR_CTRL__FREQMHZ" value="933"/>
				<user_parameter name="CONFIG.PSU__CRF_APB__DPDMA_REF_CTRL__DIVISOR0" value="2"/>
				<user_parameter name="CONFIG.PSU__CRF_APB__DPDMA_REF_CTRL__SRCSEL" value="APLL"/>
				<user_parameter name="CONFIG.PSU__CRF_APB__DPDMA_REF_CTRL__ACT_FREQMHZ" value="600.000000"/>
				<user_parameter name="CONFIG.PSU__CRF_APB__DPDMA_REF_CTRL__FREQMHZ" value="600"/>
				<user_parameter name="CONFIG.PSU__CRF_APB__DPLL_CTRL__FRACDATA" value="0.000000"/>
				<user_parameter name="CONFIG.PSU__CRF_APB__DPLL_CTRL__DIV2" value="1"/>
				<user_parameter name="CONFIG.PSU__CRF_APB__DPLL_CTRL__FBDIV" value="93"/>
				<user_parameter name="CONFIG.PSU__CRF_APB__DPLL_CTRL__SRCSEL" value="PSS_REF_CLK"/>
				<user_parameter name="CONFIG.PSU__CRF_APB__DPLL_CTRL__FRACFREQ" value="27.138"/>
				<user_parameter name="CONFIG.PSU__CRF_APB__DP_AUDIO_REF_CTRL__DIVISOR0" value="16"/>
				<user_parameter name="CONFIG.PSU__CRF_APB__DP_AUDIO_REF_CTRL__DIVISOR1" value="1"/>
				<user_parameter name="CONFIG.PSU__CRF_APB__DP_AUDIO_REF_CTRL__SRCSEL" value="RPLL"/>
				<user_parameter name="CONFIG.PSU__CRF_APB__DP_AUDIO_REF_CTRL__ACT_FREQMHZ" value="24.843750"/>
				<user_parameter name="CONFIG.PSU__CRF_APB__DP_AUDIO_REF_CTRL__FREQMHZ" value="25"/>
				<user_parameter name="CONFIG.PSU__CRF_APB__DP_STC_REF_CTRL__DIVISOR0" value="15"/>
				<user_parameter name="CONFIG.PSU__CRF_APB__DP_STC_REF_CTRL__DIVISOR1" value="1"/>
				<user_parameter name="CONFIG.PSU__CRF_APB__DP_STC_REF_CTRL__SRCSEL" value="RPLL"/>
				<user_parameter name="CONFIG.PSU__CRF_APB__DP_STC_REF_CTRL__ACT_FREQMHZ" value="26.500000"/>
				<user_parameter name="CONFIG.PSU__CRF_APB__DP_STC_REF_CTRL__FREQMHZ" value="27"/>
				<user_parameter name="CONFIG.PSU__CRF_APB__DP_VIDEO_REF_CTRL__DIVISOR0" value="5"/>
				<user_parameter name="CONFIG.PSU__CRF_APB__DP_VIDEO_REF_CTRL__DIVISOR1" value="1"/>
				<user_parameter name="CONFIG.PSU__CRF_APB__DP_VIDEO_REF_CTRL__SRCSEL" value="VPLL"/>
				<user_parameter name="CONFIG.PSU__CRF_APB__DP_VIDEO_REF_CTRL__ACT_FREQMHZ" value="300.000000"/>
				<user_parameter name="CONFIG.PSU__CRF_APB__DP_VIDEO_REF_CTRL__FREQMHZ" value="300"/>
				<user_parameter name="CONFIG.PSU__CRF_APB__GDMA_REF_CTRL__DIVISOR0" value="2"/>
				<user_parameter name="CONFIG.PSU__CRF_APB__GDMA_REF_CTRL__SRCSEL" value="APLL"/>
				<user_parameter name="CONFIG.PSU__CRF_APB__GDMA_REF_CTRL__ACT_FREQMHZ" value="600.000000"/>
				<user_parameter name="CONFIG.PSU__CRF_APB__GDMA_REF_CTRL__FREQMHZ" value="600"/>
				<user_parameter name="CONFIG.PSU__CRF_APB__GPU_REF_CTRL__DIVISOR0" value="1"/>
				<user_parameter name="CONFIG.PSU__CRF_APB__GPU_REF_CTRL__SRCSEL" value="IOPLL"/>
				<user_parameter name="CONFIG.PSU__CRF_APB__GPU_REF_CTRL__ACT_FREQMHZ" value="500.000000"/>
				<user_parameter name="CONFIG.PSU__CRF_APB__GPU_REF_CTRL__FREQMHZ" value="600"/>
				<user_parameter name="CONFIG.PSU__CRF_APB__TOPSW_LSBUS_CTRL__DIVISOR0" value="5"/>
				<user_parameter name="CONFIG.PSU__CRF_APB__TOPSW_LSBUS_CTRL__SRCSEL" value="IOPLL"/>
				<user_parameter name="CONFIG.PSU__CRF_APB__TOPSW_LSBUS_CTRL__ACT_FREQMHZ" value="100.000000"/>
				<user_parameter name="CONFIG.PSU__CRF_APB__TOPSW_LSBUS_CTRL__FREQMHZ" value="100"/>
				<user_parameter name="CONFIG.PSU__CRF_APB__TOPSW_MAIN_CTRL__DIVISOR0" value="3"/>
				<user_parameter name="CONFIG.PSU__CRF_APB__TOPSW_MAIN_CTRL__SRCSEL" value="DPLL"/>
				<user_parameter name="CONFIG.PSU__CRF_APB__TOPSW_MAIN_CTRL__ACT_FREQMHZ" value="465.000000"/>
				<user_parameter name="CONFIG.PSU__CRF_APB__TOPSW_MAIN_CTRL__FREQMHZ" value="533.333"/>
				<user_parameter name="CONFIG.PSU__CRF_APB__VPLL_CTRL__FRACDATA" value="0.000000"/>
				<user_parameter name="CONFIG.PSU__CRF_APB__VPLL_CTRL__DIV2" value="1"/>
				<user_parameter name="CONFIG.PSU__CRF_APB__VPLL_CTRL__FBDIV" value="100"/>
				<user_parameter name="CONFIG.PSU__CRF_APB__VPLL_CTRL__SRCSEL" value="PSS_REF_CLK"/>
				<user_parameter name="CONFIG.PSU__CRF_APB__VPLL_CTRL__FRACFREQ" value="27.138"/>
				<user_parameter name="CONFIG.PSU__CRF_APB__VPLL_TO_LPD_CTRL__DIVISOR0" value="3"/>
				<user_parameter name="CONFIG.PSU__CRL_APB__ADMA_REF_CTRL__DIVISOR0" value="3"/>
				<user_parameter name="CONFIG.PSU__CRL_APB__ADMA_REF_CTRL__SRCSEL" value="IOPLL"/>
				<user_parameter name="CONFIG.PSU__CRL_APB__ADMA_REF_CTRL__ACT_FREQMHZ" value="500.000000"/>
				<user_parameter name="CONFIG.PSU__CRL_APB__ADMA_REF_CTRL__FREQMHZ" value="500"/>
				<user_parameter name="CONFIG.PSU__CRL_APB__AMS_REF_CTRL__DIVISOR0" value="30"/>
				<user_parameter name="CONFIG.PSU__CRL_APB__AMS_REF_CTRL__DIVISOR1" value="1"/>
				<user_parameter name="CONFIG.PSU__CRL_APB__AMS_REF_CTRL__SRCSEL" value="IOPLL"/>
				<user_parameter name="CONFIG.PSU__CRL_APB__AMS_REF_CTRL__ACT_FREQMHZ" value="50.000000"/>
				<user_parameter name="CONFIG.PSU__CRL_APB__AMS_REF_CTRL__FREQMHZ" value="50"/>
				<user_parameter name="CONFIG.PSU__CRL_APB__CPU_R5_CTRL__DIVISOR0" value="3"/>
				<user_parameter name="CONFIG.PSU__CRL_APB__CPU_R5_CTRL__SRCSEL" value="IOPLL"/>
				<user_parameter name="CONFIG.PSU__CRL_APB__CPU_R5_CTRL__ACT_FREQMHZ" value="500.000000"/>
				<user_parameter name="CONFIG.PSU__CRL_APB__CPU_R5_CTRL__FREQMHZ" value="500"/>
				<user_parameter name="CONFIG.PSU__CRL_APB__DBG_LPD_CTRL__DIVISOR0" value="6"/>
				<user_parameter name="CONFIG.PSU__CRL_APB__DBG_LPD_CTRL__SRCSEL" value="IOPLL"/>
				<user_parameter name="CONFIG.PSU__CRL_APB__DBG_LPD_CTRL__ACT_FREQMHZ" value="250.000000"/>
				<user_parameter name="CONFIG.PSU__CRL_APB__DBG_LPD_CTRL__FREQMHZ" value="250"/>
				<user_parameter name="CONFIG.PSU__CRL_APB__DLL_REF_CTRL__SRCSEL" value="IOPLL"/>
				<user_parameter name="CONFIG.PSU__CRL_APB__DLL_REF_CTRL__ACT_FREQMHZ" value="1500.000000"/>
				<user_parameter name="CONFIG.PSU__CRL_APB__DLL_REF_CTRL__FREQMHZ" value="1500"/>
				<user_parameter name="CONFIG.PSU__CRL_APB__IOPLL_CTRL__FRACDATA" value="0.000000"/>
				<user_parameter name="CONFIG.PSU__CRL_APB__IOPLL_CTRL__DIV2" value="1"/>
				<user_parameter name="CONFIG.PSU__CRL_APB__IOPLL_CTRL__FBDIV" value="100"/>
				<user_parameter name="CONFIG.PSU__CRL_APB__IOPLL_CTRL__SRCSEL" value="PSS_REF_CLK"/>
				<user_parameter name="CONFIG.PSU__CRL_APB__IOPLL_CTRL__FRACFREQ" value="27.138"/>
				<user_parameter name="CONFIG.PSU__CRL_APB__IOPLL_TO_FPD_CTRL__DIVISOR0" value="3"/>
				<user_parameter name="CONFIG.PSU__CRL_APB__IOPLL_FRAC_CFG__ENABLED" value="0"/>
				<user_parameter name="CONFIG.PSU__CRL_APB__IOU_SWITCH_CTRL__DIVISOR0" value="3"/>
				<user_parameter name="CONFIG.PSU__CRL_APB__IOU_SWITCH_CTRL__SRCSEL" value="RPLL"/>
				<user_parameter name="CONFIG.PSU__CRL_APB__IOU_SWITCH_CTRL__ACT_FREQMHZ" value="265.000000"/>
				<user_parameter name="CONFIG.PSU__CRL_APB__IOU_SWITCH_CTRL__FREQMHZ" value="267"/>
				<user_parameter name="CONFIG.PSU__CRL_APB__LPD_LSBUS_CTRL__DIVISOR0" value="15"/>
				<user_parameter name="CONFIG.PSU__CRL_APB__LPD_SWITCH_CTRL__DIVISOR0" value="3"/>
				<user_parameter name="CONFIG.PSU__CRL_APB__LPD_LSBUS_CTRL__SRCSEL" value="IOPLL"/>
				<user_parameter name="CONFIG.PSU__CRL_APB__LPD_SWITCH_CTRL__SRCSEL" value="IOPLL"/>
				<user_parameter name="CONFIG.PSU__CRL_APB__LPD_LSBUS_CTRL__ACT_FREQMHZ" value="100.000000"/>
				<user_parameter name="CONFIG.PSU__CRL_APB__LPD_SWITCH_CTRL__ACT_FREQMHZ" value="500.000000"/>
				<user_parameter name="CONFIG.PSU__CRL_APB__LPD_LSBUS_CTRL__FREQMHZ" value="100"/>
				<user_parameter name="CONFIG.PSU__CRL_APB__LPD_SWITCH_CTRL__FREQMHZ" value="500"/>
				<user_parameter name="CONFIG.PSU__CRL_APB__PCAP_CTRL__DIVISOR0" value="8"/>
				<user_parameter name="CONFIG.PSU__CRL_APB__PCAP_CTRL__SRCSEL" value="IOPLL"/>
				<user_parameter name="CONFIG.PSU__CRL_APB__PCAP_CTRL__ACT_FREQMHZ" value="187.500000"/>
				<user_parameter name="CONFIG.PSU__CRL_APB__PCAP_CTRL__FREQMHZ" value="200"/>
				<user_parameter name="CONFIG.PSU__CRL_APB__PL0_REF_CTRL__DIVISOR0" value="15"/>
				<user_parameter name="CONFIG.PSU__CRL_APB__PL0_REF_CTRL__DIVISOR1" value="1"/>
				<user_parameter name="CONFIG.PSU__CRL_APB__PL0_REF_CTRL__SRCSEL" value="IOPLL"/>
				<user_parameter name="CONFIG.PSU__CRL_APB__PL0_REF_CTRL__ACT_FREQMHZ" value="100.000000"/>
				<user_parameter name="CONFIG.PSU__CRL_APB__PL0_REF_CTRL__FREQMHZ" value="100"/>
				<user_parameter name="CONFIG.PSU__CRL_APB__PL1_REF_CTRL__DIVISOR0" value="4"/>
				<user_parameter name="CONFIG.PSU__CRL_APB__PL1_REF_CTRL__DIVISOR1" value="1"/>
				<user_parameter name="CONFIG.PSU__CRL_APB__PL1_REF_CTRL__SRCSEL" value="RPLL"/>
				<user_parameter name="CONFIG.PSU__CRL_APB__PL1_REF_CTRL__ACT_FREQMHZ" value="250.000000"/>
				<user_parameter name="CONFIG.PSU__CRL_APB__PL1_REF_CTRL__FREQMHZ" value="100"/>
				<user_parameter name="CONFIG.PSU__CRL_APB__RPLL_CTRL__FRACDATA" value="0.000000"/>
				<user_parameter name="CONFIG.PSU__CRL_APB__RPLL_CTRL__DIV2" value="1"/>
				<user_parameter name="CONFIG.PSU__CRL_APB__RPLL_CTRL__FBDIV" value="53"/>
				<user_parameter name="CONFIG.PSU__CRL_APB__RPLL_TO_FPD_CTRL__DIVISOR0" value="2"/>
				<user_parameter name="CONFIG.PSU__CRL_APB__RPLL_CTRL__SRCSEL" value="PSS_REF_CLK"/>
				<user_parameter name="CONFIG.PSU__CRL_APB__RPLL_FRAC_CFG__ENABLED" value="0"/>
				<user_parameter name="CONFIG.PSU__CRL_APB__RPLL_CTRL__FRACFREQ" value="25"/>
				<user_parameter name="CONFIG.PSU__CRL_APB__SDIO1_REF_CTRL__DIVISOR0" value="8"/>
				<user_parameter name="CONFIG.PSU__CRL_APB__SDIO1_REF_CTRL__DIVISOR1" value="1"/>
				<user_parameter name="CONFIG.PSU__CRL_APB__SDIO1_REF_CTRL__SRCSEL" value="IOPLL"/>
				<user_parameter name="CONFIG.PSU__CRL_APB__SDIO1_REF_CTRL__ACT_FREQMHZ" value="187.500000"/>
				<user_parameter name="CONFIG.PSU__CRL_APB__SDIO1_REF_CTRL__FREQMHZ" value="200"/>
				<user_parameter name="CONFIG.PSU__CRL_APB__TIMESTAMP_REF_CTRL__DIVISOR0" value="1"/>
				<user_parameter name="CONFIG.PSU__CRL_APB__TIMESTAMP_REF_CTRL__SRCSEL" value="PSS_REF_CLK"/>
				<user_parameter name="CONFIG.PSU__CRL_APB__TIMESTAMP_REF_CTRL__ACT_FREQMHZ" value="30.000000"/>
				<user_parameter name="CONFIG.PSU__CRL_APB__TIMESTAMP_REF_CTRL__FREQMHZ" value="100"/>
				<user_parameter name="CONFIG.PSU__CRL_APB__USB3_DUAL_REF_CTRL__DIVISOR0" value="25"/>
				<user_parameter name="CONFIG.PSU__CRL_APB__USB3_DUAL_REF_CTRL__DIVISOR1" value="3"/>
				<user_parameter name="CONFIG.PSU__CRL_APB__USB3__ENABLE" value="1"/>
				<user_parameter name="CONFIG.PSU__CRL_APB__USB3_DUAL_REF_CTRL__SRCSEL" value="IOPLL"/>
				<user_parameter name="CONFIG.PSU__CRL_APB__USB3_DUAL_REF_CTRL__ACT_FREQMHZ" value="20.000000"/>
				<user_parameter name="CONFIG.PSU__CRL_APB__USB3_DUAL_REF_CTRL__FREQMHZ" value="20"/>
				<user_parameter name="CONFIG.PSU__DDRC__AL" value="0"/>
				<user_parameter name="CONFIG.PSU__DDRC__BANK_ADDR_COUNT" value="2"/>
				<user_parameter name="CONFIG.PSU__DDRC__BUS_WIDTH" value="64 Bit"/>
				<user_parameter name="CONFIG.PSU__DDRC__CL" value="12"/>
				<user_parameter name="CONFIG.PSU__DDRC__CLOCK_STOP_EN" value="0"/>
				<user_parameter name="CONFIG.PSU_DYNAMIC_DDR_CONFIG_EN" value="1"/>
				<user_parameter name="CONFIG.PSU__DDRC__COL_ADDR_COUNT" value="10"/>
				<user_parameter name="CONFIG.PSU__DDRC__RANK_ADDR_COUNT" value="0"/>
				<user_parameter name="CONFIG.PSU__DDRC__CWL" value="10"/>
				<user_parameter name="CONFIG.PSU__DDRC__BG_ADDR_COUNT" value="2"/>
				<user_parameter name="CONFIG.PSU__DDRC__DEVICE_CAPACITY" value="4096 MBits"/>
				<user_parameter name="CONFIG.PSU__DDRC__DRAM_WIDTH" value="8 Bits"/>
				<user_parameter name="CONFIG.PSU__DDRC__ECC" value="Disabled"/>
				<user_parameter name="CONFIG.PSU__DDRC__ECC_SCRUB" value="0"/>
				<user_parameter name="CONFIG.PSU__DDRC__ENABLE" value="1"/>
				<user_parameter name="CONFIG.PSU__DDRC__FREQ_MHZ" value="1"/>
				<user_parameter name="CONFIG.PSU__DDRC__MEMORY_TYPE" value="DDR 4"/>
				<user_parameter name="CONFIG.PSU__DDRC__ROW_ADDR_COUNT" value="15"/>
				<user_parameter name="CONFIG.PSU__DDRC__SPEED_BIN" value="DDR4_1866L"/>
				<user_parameter name="CONFIG.PSU__DDRC__T_FAW" value="30.0"/>
				<user_parameter name="CONFIG.PSU__DDRC__T_RAS_MIN" value="34"/>
				<user_parameter name="CONFIG.PSU__DDRC__T_RC" value="47.06"/>
				<user_parameter name="CONFIG.PSU__DDRC__T_RCD" value="12"/>
				<user_parameter name="CONFIG.PSU__DDRC__T_RP" value="12"/>
				<user_parameter name="CONFIG.PSU__DDRC__TRAIN_DATA_EYE" value="1"/>
				<user_parameter name="CONFIG.PSU__DDRC__TRAIN_READ_GATE" value="1"/>
				<user_parameter name="CONFIG.PSU__DDRC__TRAIN_WRITE_LEVEL" value="1"/>
				<user_parameter name="CONFIG.PSU__DDRC__VREF" value="1"/>
				<user_parameter name="CONFIG.PSU__DDRC__VIDEO_BUFFER_SIZE" value="0"/>
				<user_parameter name="CONFIG.PSU__DDRC__BRC_MAPPING" value="ROW_BANK_COL"/>
				<user_parameter name="CONFIG.PSU__DDRC__DIMM_ADDR_MIRROR" value="0"/>
				<user_parameter name="CONFIG.PSU__DDRC__STATIC_RD_MODE" value="0"/>
				<user_parameter name="CONFIG.PSU__DDRC__DDR4_MAXPWR_SAVING_EN" value="0"/>
				<user_parameter name="CONFIG.PSU__DDRC__PWR_DOWN_EN" value="0"/>
				<user_parameter name="CONFIG.PSU__DDRC__DEEP_PWR_DOWN_EN" value="0"/>
				<user_parameter name="CONFIG.PSU__DDRC__PLL_BYPASS" value="0"/>
				<user_parameter name="CONFIG.PSU__DDRC__DDR4_T_REF_MODE" value="1"/>
				<user_parameter name="CONFIG.PSU__DDRC__DDR4_T_REF_RANGE" value="Normal (0-85)"/>
				<user_parameter name="CONFIG.PSU__DDRC__DDR3_T_REF_RANGE" value="NA"/>
				<user_parameter name="CONFIG.PSU__DDRC__DDR3L_T_REF_RANGE" value="NA"/>
				<user_parameter name="CONFIG.PSU__DDRC__LPDDR3_T_REF_RANGE" value="NA"/>
				<user_parameter name="CONFIG.PSU__DDRC__LPDDR4_T_REF_RANGE" value="NA"/>
				<user_parameter name="CONFIG.PSU__DDRC__PHY_DBI_MODE" value="0"/>
				<user_parameter name="CONFIG.PSU__DDRC__DM_DBI" value="DM_NO_DBI"/>
				<user_parameter name="CONFIG.PSU__DDRC__COMPONENTS" value="UDIMM"/>
				<user_parameter name="CONFIG.PSU__DDRC__PARITY_ENABLE" value="0"/>
				<user_parameter name="CONFIG.PSU__DDRC__DDR4_CAL_MODE_ENABLE" value="0"/>
				<user_parameter name="CONFIG.PSU__DDRC__DDR4_CRC_CONTROL" value="0"/>
				<user_parameter name="CONFIG.PSU__DDRC__FGRM" value="1X"/>
				<user_parameter name="CONFIG.PSU__DDRC__VENDOR_PART" value="OTHERS"/>
				<user_parameter name="CONFIG.PSU__DDRC__SB_TARGET" value="12-12-12"/>
				<user_parameter name="CONFIG.PSU__DDRC__LP_ASR" value="manual normal"/>
				<user_parameter name="CONFIG.PSU__DDRC__DDR4_ADDR_MAPPING" value="0"/>
				<user_parameter name="CONFIG.PSU__DDRC__SELF_REF_ABORT" value="0"/>
				<user_parameter name="CONFIG.PSU__DDRC__ADDR_MIRROR" value="0"/>
				<user_parameter name="CONFIG.PSU__DDRC__EN_2ND_CLK" value="0"/>
				<user_parameter name="CONFIG.PSU__DDRC__LPDDR3_DUALRANK_SDP" value="0"/>
				<user_parameter name="CONFIG.PSU__DDRC__PER_BANK_REFRESH" value="0"/>
				<user_parameter name="CONFIG.PSU__DDRC__ENABLE_DP_SWITCH" value="0"/>
				<user_parameter name="CONFIG.PSU__DDRC__ENABLE_LP4_SLOWBOOT" value="0"/>
				<user_parameter name="CONFIG.PSU__DDRC__ENABLE_LP4_HAS_ECC_COMP" value="0"/>
				<user_parameter name="CONFIG.PSU__DDRC__ENABLE_2T_TIMING" value="0"/>
				<user_parameter name="CONFIG.PSU__DDRC__RD_DQS_CENTER" value="0"/>
				<user_parameter name="CONFIG.PSU__DDRC__DQMAP_0_3" value="0"/>
				<user_parameter name="CONFIG.PSU__DDRC__DQMAP_4_7" value="0"/>
				<user_parameter name="CONFIG.PSU__DDRC__DQMAP_8_11" value="0"/>
				<user_parameter name="CONFIG.PSU__DDRC__DQMAP_12_15" value="0"/>
				<user_parameter name="CONFIG.PSU__DDRC__DQMAP_16_19" value="0"/>
				<user_parameter name="CONFIG.PSU__DDRC__DQMAP_20_23" value="0"/>
				<user_parameter name="CONFIG.PSU__DDRC__DQMAP_24_27" value="0"/>
				<user_parameter name="CONFIG.PSU__DDRC__DQMAP_28_31" value="0"/>
				<user_parameter name="CONFIG.PSU__DDRC__DQMAP_32_35" value="0"/>
				<user_parameter name="CONFIG.PSU__DDRC__DQMAP_36_39" value="0"/>
				<user_parameter name="CONFIG.PSU__DDRC__DQMAP_40_43" value="0"/>
				<user_parameter name="CONFIG.PSU__DDRC__DQMAP_44_47" value="0"/>
				<user_parameter name="CONFIG.PSU__DDRC__DQMAP_48_51" value="0"/>
				<user_parameter name="CONFIG.PSU__DDRC__DQMAP_52_55" value="0"/>
				<user_parameter name="CONFIG.PSU__DDRC__DQMAP_56_59" value="0"/>
				<user_parameter name="CONFIG.PSU__DDRC__DQMAP_60_63" value="0"/>
				<user_parameter name="CONFIG.PSU__DDRC__DQMAP_64_67" value="0"/>
				<user_parameter name="CONFIG.PSU__DDRC__DQMAP_68_71" value="0"/>
				<user_parameter name="CONFIG.PSU__DDR_HIGH_ADDRESS_GUI_ENABLE" value="1"/>
				<user_parameter name="CONFIG.PSU__DDR__INTERFACE__FREQMHZ" value="466.5"/>
				<user_parameter name="CONFIG.PSU__DISPLAYPORT__LANE0__ENABLE" value="1"/>
				<user_parameter name="CONFIG.PSU__DISPLAYPORT__LANE0__IO" value="GT Lane3"/>
				<user_parameter name="CONFIG.PSU__DISPLAYPORT__LANE1__ENABLE" value="1"/>
				<user_parameter name="CONFIG.PSU__DISPLAYPORT__LANE1__IO" value="GT Lane2"/>
				<user_parameter name="CONFIG.PSU__DISPLAYPORT__PERIPHERAL__ENABLE" value="1"/>
				<user_parameter name="CONFIG.PSU__DLL__ISUSED" value="1"/>
				<user_parameter name="CONFIG.PSU__DPAUX__PERIPHERAL__ENABLE" value="1"/>
				<user_parameter name="CONFIG.PSU__DPAUX__PERIPHERAL__IO" value="EMIO"/>
				<user_parameter name="CONFIG.PSU__DP__LANE_SEL" value="Dual Higher"/>
				<user_parameter name="CONFIG.PSU__DP__REF_CLK_FREQ" value="108"/>
				<user_parameter name="CONFIG.PSU__DP__REF_CLK_SEL" value="Ref Clk2"/>
				<user_parameter name="CONFIG.PSU__ENET0__GRP_MDIO__ENABLE" value="1"/>
				<user_parameter name="CONFIG.PSU__ENET0__GRP_MDIO__IO" value="MIO 76 .. 77"/>
				<user_parameter name="CONFIG.PSU__ENET0__PERIPHERAL__ENABLE" value="1"/>
				<user_parameter name="CONFIG.PSU__ENET0__FIFO__ENABLE" value="0"/>
				<user_parameter name="CONFIG.PSU__ENET0__PTP__ENABLE" value="0"/>
				<user_parameter name="CONFIG.PSU__ENET0__PERIPHERAL__IO" value="MIO 26 .. 37"/>
				<user_parameter name="CONFIG.PSU__ENET0__TSU__ENABLE" value="0"/>
				<user_parameter name="CONFIG.PSU__ENET1__PERIPHERAL__ENABLE" value="0"/>
				<user_parameter name="CONFIG.PSU__ENET1__FIFO__ENABLE" value="0"/>
				<user_parameter name="CONFIG.PSU__ENET1__PTP__ENABLE" value="0"/>
				<user_parameter name="CONFIG.PSU__ENET1__GRP_MDIO__ENABLE" value="0"/>
				<user_parameter name="CONFIG.PSU__ENET1__TSU__ENABLE" value="0"/>
				<user_parameter name="CONFIG.PSU__GPIO0_MIO__IO" value="MIO 0 .. 25"/>
				<user_parameter name="CONFIG.PSU__GPIO0_MIO__PERIPHERAL__ENABLE" value="1"/>
				<user_parameter name="CONFIG.PSU__GPIO1_MIO__IO" value="MIO 26 .. 51"/>
				<user_parameter name="CONFIG.PSU__GPIO1_MIO__PERIPHERAL__ENABLE" value="1"/>
				<user_parameter name="CONFIG.PSU__GPIO_EMIO__PERIPHERAL__ENABLE" value="0"/>
				<user_parameter name="CONFIG.PSU__GPIO_EMIO__PERIPHERAL__IO" value="3"/>
				<user_parameter name="CONFIG.PSU__GPIO_EMIO_WIDTH" value="3"/>
				<user_parameter name="CONFIG.PSU__GPIO_EMIO__WIDTH" value="[94:0]"/>
				<user_parameter name="CONFIG.PSU__GT_REF_CLK__FREQMHZ" value="33.333"/>
				<user_parameter name="CONFIG.PSU__GT__LINK_SPEED" value="HBR"/>
				<user_parameter name="CONFIG.PSU__GT__VLT_SWNG_LVL_4" value="0"/>
				<user_parameter name="CONFIG.PSU__GT__PRE_EMPH_LVL_4" value="0"/>
				<user_parameter name="CONFIG.PSU__HIGH_ADDRESS__ENABLE" value="1"/>
				<user_parameter name="CONFIG.PSU__I2C0__PERIPHERAL__ENABLE" value="1"/>
				<user_parameter name="CONFIG.PSU__I2C0__PERIPHERAL__IO" value="MIO 22 .. 23"/>
				<user_parameter name="CONFIG.PSU__I2C0__GRP_INT__ENABLE" value="0"/>
				<user_parameter name="CONFIG.PSU__I2C1__PERIPHERAL__ENABLE" value="1"/>
				<user_parameter name="CONFIG.PSU__I2C1__PERIPHERAL__IO" value="MIO 8 .. 9"/>
				<user_parameter name="CONFIG.PSU__I2C1__GRP_INT__ENABLE" value="0"/>
				<user_parameter name="CONFIG.PSU__I2C0_LOOP_I2C1__ENABLE" value="0"/>
				<user_parameter name="CONFIG.PSU__PCIE__PERIPHERAL__ENABLE" value="1"/>
				<user_parameter name="CONFIG.PSU__PCIE__PERIPHERAL__ENDPOINT_ENABLE" value="0"/>
				<user_parameter name="CONFIG.PSU__PCIE__PERIPHERAL__ROOTPORT_ENABLE" value="1"/>
				<user_parameter name="CONFIG.PSU__PCIE__PERIPHERAL__ROOTPORT_IO" value="MIO 7"/>
				<user_parameter name="CONFIG.PSU__PCIE__LANE0__ENABLE" value="1"/>
				<user_parameter name="CONFIG.PSU__PCIE__LANE0__IO" value="GT Lane0"/>
				<user_parameter name="CONFIG.PSU__PCIE__LANE1__ENABLE" value="0"/>
				<user_parameter name="CONFIG.PSU__PCIE__LANE2__ENABLE" value="0"/>
				<user_parameter name="CONFIG.PSU__PCIE__LANE3__ENABLE" value="0"/>
				<user_parameter name="CONFIG.PSU__PCIE__RESET__POLARITY" value="Active Low"/>
				<user_parameter name="CONFIG.PSU__PCIE__REF_CLK_SEL" value="Ref Clk0"/>
				<user_parameter name="CONFIG.PSU__PCIE__REF_CLK_FREQ" value="100"/>
				<user_parameter name="CONFIG.PSU__PCIE__DEVICE_PORT_TYPE" value="Root Port"/>
				<user_parameter name="CONFIG.PSU__PCIE__MAXIMUM_LINK_WIDTH" value="x1"/>
				<user_parameter name="CONFIG.PSU__PCIE__LINK_SPEED" value="5.0 Gb/s"/>
				<user_parameter name="CONFIG.PSU__PCIE__BAR0_ENABLE" value="0"/>
				<user_parameter name="CONFIG.PSU__PCIE__BAR0_64BIT" value="0"/>
				<user_parameter name="CONFIG.PSU__PCIE__BAR0_VAL" value="0x0"/>
				<user_parameter name="CONFIG.PSU__PCIE__BAR0_PREFETCHABLE" value="0"/>
				<user_parameter name="CONFIG.PSU__PCIE__BAR1_ENABLE" value="0"/>
				<user_parameter name="CONFIG.PSU__PCIE__BAR1_64BIT" value="0"/>
				<user_parameter name="CONFIG.PSU__PCIE__BAR1_VAL" value="0x0"/>
				<user_parameter name="CONFIG.PSU__PCIE__BAR1_PREFETCHABLE" value="0"/>
				<user_parameter name="CONFIG.PSU__PCIE__BAR2_ENABLE" value="0"/>
				<user_parameter name="CONFIG.PSU__PCIE__BAR2_64BIT" value="0"/>
				<user_parameter name="CONFIG.PSU__PCIE__BAR2_VAL" value="0x0"/>
				<user_parameter name="CONFIG.PSU__PCIE__BAR2_PREFETCHABLE" value="0"/>
				<user_parameter name="CONFIG.PSU__PCIE__BAR3_ENABLE" value="0"/>
				<user_parameter name="CONFIG.PSU__PCIE__BAR3_64BIT" value="0"/>
				<user_parameter name="CONFIG.PSU__PCIE__BAR3_VAL" value="0x0"/>
				<user_parameter name="CONFIG.PSU__PCIE__BAR3_PREFETCHABLE" value="0"/>
				<user_parameter name="CONFIG.PSU__PCIE__BAR4_ENABLE" value="0"/>
				<user_parameter name="CONFIG.PSU__PCIE__BAR4_64BIT" value="0"/>
				<user_parameter name="CONFIG.PSU__PCIE__BAR4_VAL" value="0x0"/>
				<user_parameter name="CONFIG.PSU__PCIE__BAR4_PREFETCHABLE" value="0"/>
				<user_parameter name="CONFIG.PSU__PCIE__BAR5_ENABLE" value="0"/>
				<user_parameter name="CONFIG.PSU__PCIE__BAR5_64BIT" value="0"/>
				<user_parameter name="CONFIG.PSU__PCIE__BAR5_VAL" value="0x0"/>
				<user_parameter name="CONFIG.PSU__PCIE__BAR5_PREFETCHABLE" value="0"/>
				<user_parameter name="CONFIG.PSU__PCIE__EROM_ENABLE" value="0"/>
				<user_parameter name="CONFIG.PSU__PCIE__EROM_VAL" value="0x0"/>
				<user_parameter name="CONFIG.PSU__PCIE__MAX_PAYLOAD_SIZE" value="256 bytes"/>
				<user_parameter name="CONFIG.PSU__PCIE__VENDOR_ID" value="0x10EE"/>
				<user_parameter name="CONFIG.PSU__PCIE__DEVICE_ID" value="0xD011"/>
				<user_parameter name="CONFIG.PSU__PCIE__REVISION_ID" value="0x0"/>
				<user_parameter name="CONFIG.PSU__PCIE__SUBSYSTEM_VENDOR_ID" value="0x10EE"/>
				<user_parameter name="CONFIG.PSU__PCIE__SUBSYSTEM_ID" value="0x7"/>
				<user_parameter name="CONFIG.PSU__PCIE__CLASS_CODE_BASE" value="0x06"/>
				<user_parameter name="CONFIG.PSU__PCIE__CLASS_CODE_SUB" value="0x04"/>
				<user_parameter name="CONFIG.PSU__PCIE__CLASS_CODE_INTERFACE" value="0x0"/>
				<user_parameter name="CONFIG.PSU__PCIE__CLASS_CODE_VALUE" value="0x60400"/>
				<user_parameter name="CONFIG.PSU__PCIE__AER_CAPABILITY" value="0"/>
				<user_parameter name="CONFIG.PSU__PCIE__CORRECTABLE_INT_ERR" value="0"/>
				<user_parameter name="CONFIG.PSU__PCIE__HEADER_LOG_OVERFLOW" value="0"/>
				<user_parameter name="CONFIG.PSU__PCIE__RECEIVER_ERR" value="0"/>
				<user_parameter name="CONFIG.PSU__PCIE__SURPRISE_DOWN" value="0"/>
				<user_parameter name="CONFIG.PSU__PCIE__FLOW_CONTROL_ERR" value="0"/>
				<user_parameter name="CONFIG.PSU__PCIE__COMPLTION_TIMEOUT" value="0"/>
				<user_parameter name="CONFIG.PSU__PCIE__COMPLETER_ABORT" value="0"/>
				<user_parameter name="CONFIG.PSU__PCIE__RECEIVER_OVERFLOW" value="0"/>
				<user_parameter name="CONFIG.PSU__PCIE__ECRC_ERR" value="0"/>
				<user_parameter name="CONFIG.PSU__PCIE__ACS_VIOLAION" value="0"/>
				<user_parameter name="CONFIG.PSU__PCIE__UNCORRECTABL_INT_ERR" value="0"/>
				<user_parameter name="CONFIG.PSU__PCIE__MC_BLOCKED_TLP" value="0"/>
				<user_parameter name="CONFIG.PSU__PCIE__ATOMICOP_EGRESS_BLOCKED" value="0"/>
				<user_parameter name="CONFIG.PSU__PCIE__TLP_PREFIX_BLOCKED" value="0"/>
				<user_parameter name="CONFIG.PSU__PCIE__FLOW_CONTROL_PROTOCOL_ERR" value="0"/>
				<user_parameter name="CONFIG.PSU__PCIE__ACS_VIOLATION" value="0"/>
				<user_parameter name="CONFIG.PSU__PCIE__MULTIHEADER" value="0"/>
				<user_parameter name="CONFIG.PSU__PCIE__ECRC_CHECK" value="0"/>
				<user_parameter name="CONFIG.PSU__PCIE__ECRC_GEN" value="0"/>
				<user_parameter name="CONFIG.PSU__PCIE__PERM_ROOT_ERR_UPDATE" value="0"/>
				<user_parameter name="CONFIG.PSU__PCIE__CRS_SW_VISIBILITY" value="0"/>
				<user_parameter name="CONFIG.PSU__PCIE__INTX_GENERATION" value="0"/>
				<user_parameter name="CONFIG.PSU__PCIE__MSI_CAPABILITY" value="0"/>
				<user_parameter name="CONFIG.PSU__PCIE__MSI_64BIT_ADDR_CAPABLE" value="0"/>
				<user_parameter name="CONFIG.PSU__PCIE__MSIX_CAPABILITY" value="0"/>
				<user_parameter name="CONFIG.PSU__PCIE__MSIX_TABLE_SIZE" value="0"/>
				<user_parameter name="CONFIG.PSU__PCIE__MSIX_TABLE_OFFSET" value="0"/>
				<user_parameter name="CONFIG.PSU__PCIE__MSIX_BAR_INDICATOR" value=""/>
				<user_parameter name="CONFIG.PSU__PCIE__MSIX_PBA_OFFSET" value="0"/>
				<user_parameter name="CONFIG.PSU__PCIE__MSIX_PBA_BAR_INDICATOR" value=""/>
				<user_parameter name="CONFIG.PSU__PSS_REF_CLK__FREQMHZ" value="30"/>
				<user_parameter name="CONFIG.PSU__QSPI__PERIPHERAL__ENABLE" value="1"/>
				<user_parameter name="CONFIG.PSU__QSPI__PERIPHERAL__IO" value="MIO 0 .. 5"/>
				<user_parameter name="CONFIG.PSU__QSPI__PERIPHERAL__MODE" value="Single"/>
				<user_parameter name="CONFIG.PSU__QSPI__PERIPHERAL__DATA_MODE" value="x4"/>
				<user_parameter name="CONFIG.PSU__QSPI__GRP_FBCLK__ENABLE" value="1"/>
				<user_parameter name="CONFIG.PSU__QSPI__GRP_FBCLK__IO" value="MIO 6"/>
				<user_parameter name="CONFIG.PSU__QSPI_ROUTE_THROUGH_FPD" value="0"/>
				<user_parameter name="CONFIG.PSU__QSPI_COHERENCY" value="0"/>
				<user_parameter name="CONFIG.PSU__SD0__PERIPHERAL__ENABLE" value="0"/>
				<user_parameter name="CONFIG.PSU__SD0__GRP_CD__ENABLE" value="0"/>
				<user_parameter name="CONFIG.PSU__SD0__GRP_POW__ENABLE" value="0"/>
				<user_parameter name="CONFIG.PSU__SD0__GRP_WP__ENABLE" value="0"/>
				<user_parameter name="CONFIG.PSU__SD0__RESET__ENABLE" value="0"/>
				<user_parameter name="CONFIG.PSU__SD0_ROUTE_THROUGH_FPD" value="0"/>
				<user_parameter name="CONFIG.PSU__SD0_COHERENCY" value="0"/>
				<user_parameter name="CONFIG.PSU__SD1__DATA_TRANSFER_MODE" value="8Bit"/>
				<user_parameter name="CONFIG.PSU__SD1__PERIPHERAL__ENABLE" value="1"/>
				<user_parameter name="CONFIG.PSU__SD1__PERIPHERAL__IO" value="MIO 39 .. 51"/>
				<user_parameter name="CONFIG.PSU__SD1__GRP_CD__ENABLE" value="1"/>
				<user_parameter name="CONFIG.PSU__SD1__GRP_CD__IO" value="MIO 45"/>
				<user_parameter name="CONFIG.PSU__SD1__GRP_POW__ENABLE" value="1"/>
				<user_parameter name="CONFIG.PSU__SD1__GRP_POW__IO" value="MIO 43"/>
				<user_parameter name="CONFIG.PSU__SD1__GRP_WP__ENABLE" value="0"/>
				<user_parameter name="CONFIG.PSU__SD1__SLOT_TYPE" value="SD 3.0"/>
				<user_parameter name="CONFIG.PSU__SD1__RESET__ENABLE" value="0"/>
				<user_parameter name="CONFIG.PSU__SD1_ROUTE_THROUGH_FPD" value="0"/>
				<user_parameter name="CONFIG.PSU__SD1_COHERENCY" value="0"/>
				<user_parameter name="CONFIG.PSU__SPI0__PERIPHERAL__ENABLE" value="1"/>
				<user_parameter name="CONFIG.PSU__SPI0__PERIPHERAL__IO" value="MIO 12 .. 17"/>
				<user_parameter name="CONFIG.PSU__SPI0__GRP_SS0__ENABLE" value="1"/>
				<user_parameter name="CONFIG.PSU__SPI0__GRP_SS0__IO" value="MIO 15"/>
				<user_parameter name="CONFIG.PSU__SPI0__GRP_SS1__ENABLE" value="1"/>
				<user_parameter name="CONFIG.PSU__SPI0__GRP_SS1__IO" value="MIO 14"/>
				<user_parameter name="CONFIG.PSU__SPI0__GRP_SS2__ENABLE" value="0"/>
				<user_parameter name="CONFIG.PSU__SPI0_LOOP_SPI1__ENABLE" value="0"/>
				<user_parameter name="CONFIG.PSU__SPI1__PERIPHERAL__ENABLE" value="0"/>
				<user_parameter name="CONFIG.PSU__SPI1__GRP_SS0__ENABLE" value="0"/>
				<user_parameter name="CONFIG.PSU__SPI1__GRP_SS1__ENABLE" value="0"/>
				<user_parameter name="CONFIG.PSU__SPI1__GRP_SS2__ENABLE" value="0"/>
				<user_parameter name="CONFIG.PSU__TTC0__PERIPHERAL__ENABLE" value="1"/>
				<user_parameter name="CONFIG.PSU__TTC0__CLOCK__ENABLE" value="0"/>
				<user_parameter name="CONFIG.PSU__TTC0__WAVEOUT__ENABLE" value="0"/>
				<user_parameter name="CONFIG.PSU__TTC0__PERIPHERAL__IO" value="NA"/>
				<user_parameter name="CONFIG.PSU__UART0__BAUD_RATE" value="115200"/>
				<user_parameter name="CONFIG.PSU__UART0__PERIPHERAL__ENABLE" value="1"/>
				<user_parameter name="CONFIG.PSU__UART0__PERIPHERAL__IO" value="MIO 18 .. 19"/>
				<user_parameter name="CONFIG.PSU__UART0__MODEM__ENABLE" value="0"/>
				<user_parameter name="CONFIG.PSU__UART0_LOOP_UART1__ENABLE" value="0"/>
				<user_parameter name="CONFIG.PSU__UART1__BAUD_RATE" value="115200"/>
				<user_parameter name="CONFIG.PSU__UART1__PERIPHERAL__ENABLE" value="0"/>
				<user_parameter name="CONFIG.PSU__UART1__PERIPHERAL__IO" value="EMIO"/>
				<user_parameter name="CONFIG.PSU__UART1__MODEM__ENABLE" value="0"/>
				<user_parameter name="CONFIG.PSU__USB0__REF_CLK_SEL" value="Ref Clk0"/>
				<user_parameter name="CONFIG.PSU__USB0__REF_CLK_FREQ" value="100"/>
				<user_parameter name="CONFIG.PSU__USB0__PERIPHERAL__ENABLE" value="1"/>
				<user_parameter name="CONFIG.PSU__USB0__PERIPHERAL__IO" value="MIO 52 .. 63"/>
				<user_parameter name="CONFIG.PSU__USB0__RESET__ENABLE" value="0"/>
				<user_parameter name="CONFIG.PSU__USB0_COHERENCY" value="0"/>
				<user_parameter name="CONFIG.PSU__USB1__PERIPHERAL__ENABLE" value="1"/>
				<user_parameter name="CONFIG.PSU__USB1__PERIPHERAL__IO" value="MIO 64 .. 75"/>
				<user_parameter name="CONFIG.PSU__USB1__RESET__ENABLE" value="0"/>
				<user_parameter name="CONFIG.PSU__USB1_COHERENCY" value="0"/>
				<user_parameter name="CONFIG.PSU__USB3_0__PERIPHERAL__ENABLE" value="1"/>
				<user_parameter name="CONFIG.PSU__USB3_0__PERIPHERAL__IO" value="GT Lane1"/>
				<user_parameter name="CONFIG.PSU__USB3_0__EMIO__ENABLE" value="0"/>
				<user_parameter name="CONFIG.PSU__USB__RESET__MODE" value="Disable"/>
				<user_parameter name="CONFIG.PSU__USE__IRQ0" value="1"/>
				<user_parameter name="CONFIG.PSU__USE__S_AXI_GP0" value="1"/>
			</user_parameters>
		</ip>
	</ip_preset>
	
	<ip_preset preset_proc_name="btn_5bits_preset">
		<ip vendor="xilinx.com" library="ip" name="axi_gpio" ip_interface="GPIO">
			<user_parameters>
				<user_parameter name="CONFIG.C_GPIO_WIDTH" value="5"/> 
				<user_parameter name="CONFIG.C_ALL_INPUTS" value="1"/> 
				<user_parameter name="CONFIG.C_ALL_OUTPUTS" value="0"/>
			</user_parameters>
		</ip>
		<ip vendor="xilinx.com" library="ip" name="axi_gpio" ip_interface="GPIO2">
			<user_parameters>
				<user_parameter name="CONFIG.C_IS_DUAL" value="1"/> 
				<user_parameter name="CONFIG.C_GPIO2_WIDTH" value="5"/> 
				<user_parameter name="CONFIG.C_ALL_INPUTS_2" value="1"/> 
				<user_parameter name="CONFIG.C_ALL_OUTPUTS_2" value="0"/>
			</user_parameters>
		</ip>
	</ip_preset>
	<ip_preset preset_proc_name="switch_4bits_preset">
		<ip vendor="xilinx.com" library="ip" name="axi_gpio" ip_interface="GPIO">
			<user_parameters>
				<user_parameter name="CONFIG.C_GPIO_WIDTH" value="4"/> 
				<user_parameter name="CONFIG.C_ALL_INPUTS" value="1"/> 
				<user_parameter name="CONFIG.C_ALL_OUTPUTS" value="0"/>
			</user_parameters>
		</ip>
		<ip vendor="xilinx.com" library="ip" name="axi_gpio" ip_interface="GPIO2">
			<user_parameters>
				<user_parameter name="CONFIG.C_IS_DUAL" value="1"/> 
				<user_parameter name="CONFIG.C_GPIO2_WIDTH" value="4"/> 
				<user_parameter name="CONFIG.C_ALL_INPUTS_2" value="1"/> 
				<user_parameter name="CONFIG.C_ALL_OUTPUTS_2" value="0"/>
			</user_parameters>
		</ip>
	</ip_preset>
	<ip_preset preset_proc_name="rgbled_3bits_preset">
		<ip vendor="xilinx.com" library="ip" name="axi_gpio" ip_interface="GPIO">
			<user_parameters>
				<user_parameter name="CONFIG.C_GPIO_WIDTH" value="3"/> 
				<user_parameter name="CONFIG.C_ALL_INPUTS" value="0"/> 
				<user_parameter name="CONFIG.C_ALL_OUTPUTS" value="1"/>
			</user_parameters>
		</ip>
		<ip vendor="xilinx.com" library="ip" name="axi_gpio" ip_interface="GPIO2">
			<user_parameters>
				<user_parameter name="CONFIG.C_IS_DUAL" value="1"/> 
				<user_parameter name="CONFIG.C_GPIO2_WIDTH" value="3"/> 
				<user_parameter name="CONFIG.C_ALL_INPUTS_2" value="0"/> 
				<user_parameter name="CONFIG.C_ALL_OUTPUTS_2" value="1"/>
			</user_parameters>
		</ip>
	</ip_preset>
	<ip_preset preset_proc_name="led_4bits_preset">
		<ip vendor="xilinx.com" library="ip" name="axi_gpio" ip_interface="GPIO">
			<user_parameters>
				<user_parameter name="CONFIG.C_GPIO_WIDTH" value="4"/> 
				<user_parameter name="CONFIG.C_ALL_INPUTS" value="0"/> 
				<user_parameter name="CONFIG.C_ALL_OUTPUTS" value="1"/>
			</user_parameters>
		</ip>
		<ip vendor="xilinx.com" library="ip" name="axi_gpio" ip_interface="GPIO2">
			<user_parameters>
				<user_parameter name="CONFIG.C_IS_DUAL" value="1"/> 
				<user_parameter name="CONFIG.C_GPIO2_WIDTH" value="4"/> 
				<user_parameter name="CONFIG.C_ALL_INPUTS_2" value="0"/> 
				<user_parameter name="CONFIG.C_ALL_OUTPUTS_2" value="1"/>
			</user_parameters>
		</ip>
	</ip_preset>
</ip_presets>
