{
  "version": "2020.2",
  "applications": [],
  "platforms": [
    {
      "name": "Exercice2_bd_wrapper"
    }
  ],
  "systems": [
    {
      "name": "pain_system",
      "platform": "C:/Workspace/Atelier2/Exercice2_bd_wrapper/export/Exercice2_bd_wrapper/Exercice2_bd_wrapper.xpfm",
      "sysConfig": "Exercice2_bd_wrapper",
      "buildConfig": "Debug",
      "applications": [
        {
          "name": "pain",
          "platform": "C:/Workspace/Atelier2/Exercice2_bd_wrapper/export/Exercice2_bd_wrapper/Exercice2_bd_wrapper.xpfm",
          "platformPath": "C:\\Workspace\\Atelier2\\Exercice2_bd_wrapper\\export\\Exercice2_bd_wrapper",
          "sysConfig": "Exercice2_bd_wrapper",
          "domain": "standalone_ps7_cortexa9_0",
          "system": "pain_system"
        }
      ],
      "platformPath": "C:\\Workspace\\Atelier2\\Exercice2_bd_wrapper\\export\\Exercice2_bd_wrapper"
    }
  ],
  "others": []
}